date,signal_date,regime,regime_reason,regime_confidence,p_bull,p_chop,p_bear,transition_risk,breadth,vix,macro_score,news_bias,suppression_score,news_reason
2019-12-06,2019-12-05,CHOP,Probabilistic mixed/chop regime | Neutral news backdrop,1.0,0.9746575651489393,0.02202171671901677,0.0033207181320439615,0.010032103544086617,0.36237623762376237,14.3100004196167,0.028340963379219885,0.0,0.0,Neutral news backdrop
2019-12-13,2019-12-12,CHOP,Probabilistic mixed/chop regime | conflict stress,0.8558314350708012,0.9590036736125002,0.033055584130666914,0.007940742256832927,0.10516879477866171,0.3287128712871287,13.350000381469727,-0.02427376319028382,-0.37947544085923857,0.4416856492919877,conflict stress
2019-12-20,2019-12-19,CHOP,Probabilistic mixed/chop regime | Neutral news backdrop,1.0,0.9702704371475354,0.025054743214884243,0.0046748196375803255,0.10604695074606714,0.35247524752475246,12.119999885559082,0.0022645914328958856,-0.15854961001496293,0.4704801532864614,Neutral news backdrop
2019-12-27,2019-12-26,CHOP,Probabilistic mixed/chop regime | attention shock,0.8621811093784684,0.9791032159841699,0.018466788242221376,0.0024299957736086462,0.08427788767743667,0.3504950495049505,11.119999885559082,1.2832964036240992,0.07771161794812176,0.3781889062153168,attention shock
2020-01-03,2020-01-02,BULL,Probabilistic bull regime | Neutral news backdrop,0.9,0.9885132449482184,0.010514543297215819,0.0009722117545659791,0.006726306395091267,0.41188118811881186,11.489999771118164,1.3083171447005995,0.2559272700322069,0.0,Neutral news backdrop
2020-01-10,2020-01-09,BULL,Probabilistic bull regime | conflict stress,0.7902991022707679,0.9733822577881648,0.023003622267455247,0.0036141199443802214,0.21285531665326723,0.4277227722772277,14.0,1.1815324268603495,-0.5087082908493787,1.0,conflict stress
2020-01-17,2020-01-16,BULL,"Probabilistic bull regime | policy heavy, negative tone",0.9,0.9880179534008731,0.010975585895851821,0.0010064607032750248,0.009183764486199198,0.48118811881188117,14.180000305175781,1.2805631662149553,0.14812405743013818,0.0,"policy heavy, negative tone"
2020-01-24,2020-01-23,BULL,Probabilistic bull regime | Neutral news backdrop,1.0,0.9633319451609984,0.030992927964548025,0.00567512687445372,0.10721677261450194,0.4772277227722772,15.859999656677246,-0.0014602841439624696,-0.1545565642268301,0.43819716281933613,Neutral news backdrop
2020-01-31,2020-01-30,BULL,Probabilistic bull regime | negative tone,0.8362583901693349,0.9475408984223972,0.043021296387676426,0.009437805189926176,0.1469685720472065,0.45544554455445546,16.799999237060547,-0.00539777929759374,-0.15969009437332327,0.6374160983066512,negative tone
2020-02-07,2020-02-06,BULL,Probabilistic bull regime | Neutral news backdrop,0.9,0.976301221923167,0.020923218419982764,0.0027755596568502807,0.018237013122083014,0.4594059405940594,13.779999732971191,0.04000443397054077,0.05049073571963523,0.0,Neutral news backdrop
2020-02-14,2020-02-13,BULL,Probabilistic bull regime | Neutral news backdrop,1.0,0.9776452190950632,0.0198111874662529,0.0025435934386839293,0.005584473596077432,0.42376237623762375,13.369999885559082,0.07020653176155378,0.23911703113372332,0.0,Neutral news backdrop
2020-02-28,2020-02-27,CHOP,Probabilistic mixed/chop regime | Neutral news backdrop,0.9,0.0012762422883538583,0.015521638347157921,0.9832021193644883,0.4449111612513851,0.3564356435643564,17.770000457763672,0.004501706823487819,-0.06411226790784141,0.0,Neutral news backdrop
2020-03-06,2020-03-05,CHOP,Probabilistic mixed/chop regime | attention shock,0.9,0.0008852583991778457,0.010510451167284638,0.9886042904335375,0.004887170574200229,0.297029702970297,23.25,0.020704186899129333,0.19416945028331437,0.0,attention shock
2020-03-13,2020-03-12,BEAR,Probabilistic bear regime | Neutral news backdrop,0.9,0.0001380785263007176,0.0026459264462258274,0.9972159950274734,0.0044596837670366415,0.12871287128712872,41.15999984741211,-0.06267751411444059,0.253992026778327,0.0,Neutral news backdrop
2020-03-20,2020-03-19,BEAR,Probabilistic bear regime | Neutral news backdrop,1.0,5.347216444891536e-05,0.001546988485931964,0.9983995393496192,0.000863381507931536,0.03762376237623762,72.19999694824219,-0.2834902544719228,-0.13887770599600646,0.0,Neutral news backdrop
2020-03-27,2020-03-26,BEAR,Probabilistic bear regime | Neutral news backdrop,0.9,0.0001028593332389016,0.0019699188650629637,0.9979272218016982,0.0006476704028725855,0.053465346534653464,71.52999877929688,-0.1605146741287315,0.6489333343810311,0.0,Neutral news backdrop
2020-04-03,2020-04-01,BEAR,Probabilistic bear regime | attention shock,1.0,7.801059700612438e-05,0.0019267958767431688,0.9979951935262508,0.00044715069019970885,0.053465346534653464,60.04999923706055,-0.1850260387295417,0.0979828733514107,0.0,attention shock
2020-04-17,2020-04-16,BEAR,"Probabilistic bear regime | attention shock, policy heavy",0.9,0.00021150472231195634,0.003410373411196414,0.9963781218664916,0.0014943588180556873,0.1188118811881188,46.099998474121094,-0.07885020694092809,0.31370534531602384,0.0,"attention shock, policy heavy"
2020-04-24,2020-04-23,BEAR,Probabilistic bear regime | conflict stress,0.7791921807457068,8.868400210657625e-05,0.0029982780070792097,0.9969130379908143,0.20087584145820367,0.1405940594059406,39.22999954223633,-0.14084624702217885,-0.33819150333916204,1.0,conflict stress
2020-05-08,2020-05-07,BEAR,Probabilistic bear regime | Neutral news backdrop,1.0,0.0004126420166212975,0.005230145917376836,0.9943572120660018,0.002361207656289489,0.12079207920792079,39.93000030517578,-0.0398535887298865,0.4048001584126696,0.0,Neutral news backdrop
2020-05-15,2020-05-14,BEAR,Probabilistic bear regime | Neutral news backdrop,0.8760496278510734,0.0001844686758662042,0.003908973522148651,0.9959065578019852,0.04945353205382186,0.12673267326732673,38.18000030517578,-0.10631413525134162,-0.1003036436072911,0.2395037214892658,Neutral news backdrop
2020-05-22,2020-05-21,BEAR,Probabilistic bear regime | Neutral news backdrop,0.9,0.0004287126925851581,0.005932637611929313,0.9936386496954855,0.0023785712473447644,0.13663366336633664,32.9900016784668,-0.03370309233676647,0.22017049962671487,0.0,Neutral news backdrop
2020-05-29,2020-05-28,BEAR,Probabilistic bear regime | attention shock,0.8654908364194033,0.000422537045413027,0.006373163984695962,0.9932042989698909,0.07066021164404293,0.14455445544554454,30.020000457763672,-0.010711239783229583,0.28061317218349646,0.34509163580596747,attention shock
2020-06-05,2020-06-04,BEAR,Probabilistic bear regime | Neutral news backdrop,1.0,0.0005407657990407651,0.008835401207211968,0.9906238329937473,0.024693323519019764,0.201980198019802,29.690000534057617,-0.09077089154687534,-0.2660429584129498,0.10774363634348219,Neutral news backdrop
2020-06-12,2020-06-11,BEAR,Probabilistic bear regime | conflict stress,1.0,0.0003043619444447719,0.007332466622490893,0.9923631714330644,0.17002904095418875,0.21386138613861386,29.65999984741211,-0.07055223153904677,-0.14479068839105194,0.8382905027711,conflict stress
2020-06-19,2020-06-18,BEAR,"Probabilistic bear regime | attention shock, negative tone",0.9,0.0009662551267857123,0.011416322230152756,0.9876174226430616,0.004805353452246076,0.2396039603960396,31.459999084472656,-0.03397421078361933,0.16157791661742638,0.0,"attention shock, negative tone"
2020-06-26,2020-06-25,BEAR,Probabilistic bear regime | Neutral news backdrop,1.0,0.0014419811568081912,0.013769504296560786,0.984788514546631,0.004603701965429202,0.2712871287128713,29.729999542236328,0.005786363903916417,0.360283571424988,0.0,Neutral news backdrop
2020-07-03,2020-07-02,CHOP,Probabilistic mixed/chop regime | Neutral news backdrop,0.8777429652365952,0.001081791082389676,0.014051703103342453,0.9848665058142678,0.04791921211392229,0.29306930693069305,26.510000228881836,-0.016290761332007027,0.09110098986762538,0.22257034763404787,Neutral news backdrop
2020-07-10,2020-07-09,CHOP,Probabilistic mixed/chop regime | Neutral news backdrop,0.889078414679504,0.0015608975966265287,0.01847618601383232,0.9799629163895412,0.02836938212353597,0.3306930693069307,24.90999984741211,-0.023571245311867276,-0.005351627253792818,0.10921585320495966,Neutral news backdrop
2020-07-17,2020-07-16,CHOP,Probabilistic mixed/chop regime | Neutral news backdrop,1.0,0.002259781298606283,0.018530826630071173,0.9792093920713225,0.004949163788655153,0.300990099009901,25.360000610351562,0.044453608077860626,0.4581928417481197,0.0,Neutral news backdrop
2020-07-24,2020-07-23,CHOP,Probabilistic mixed/chop regime | policy heavy,1.0,0.979673774141773,0.01725238492398381,0.0030738409342431607,0.44451631013791904,0.36237623762376237,24.639999389648438,0.0444070059837362,0.43047565530332027,0.0,policy heavy
2020-07-31,2020-07-30,CHOP,Probabilistic mixed/chop regime | conflict stress,0.8560720376901592,0.9461775487394744,0.04125846039575123,0.012563990864774553,0.11620651447577626,0.3405940594059406,24.729999542236328,-0.04129048974003427,-0.14705837109059983,0.43927962309840884,conflict stress
2020-08-07,2020-08-06,CHOP,Probabilistic mixed/chop regime | Neutral news backdrop,1.0,0.9726589158690296,0.023365984906265416,0.003975099224705061,0.01817985187943497,0.3900990099009901,23.149999618530273,0.024181732128436013,0.2470021880638142,0.0,Neutral news backdrop
2020-08-14,2020-08-13,BULL,Probabilistic bull regime | policy heavy,0.8707910955038918,0.9735144563040887,0.022998272269662518,0.0034872714262486077,0.06479736521242517,0.44554455445544555,20.56999969482422,0.011165721277429711,0.10273516183672095,0.2920890449610827,policy heavy
2020-08-21,2020-08-20,BULL,Probabilistic bull regime | Neutral news backdrop,0.9,0.9760081704858103,0.02101634514824844,0.0029754843659412404,0.006515634157800859,0.504950495049505,20.6200008392334,0.006805666282280195,0.07452338885607411,0.0,Neutral news backdrop
2020-08-28,2020-08-27,BULL,Probabilistic bull regime | Neutral news backdrop,0.8687195225741597,0.9799196900812487,0.017610849819856597,0.0024694600988946283,0.06883109267315704,0.5544554455445545,18.899999618530273,0.00438779964307328,0.023470555511606858,0.31280477425840286,Neutral news backdrop
2020-09-04,2020-09-03,BULL,"Probabilistic bull regime | policy heavy, conflict stress",0.815309772200256,0.9597791412329495,0.03348861170027934,0.006732247066771314,0.18783432374798695,0.5148514851485149,20.5,-0.018928896374040036,-0.08910853287729965,0.8469022779974394,"policy heavy, conflict stress"
2020-09-11,2020-09-10,BULL,Probabilistic bull regime | Neutral news backdrop,1.0,0.9824978593862825,0.015576824920702465,0.0019253156930151224,0.014108914430346392,0.48118811881188117,21.260000228881836,0.06425900714443823,0.47325572220584916,0.0,Neutral news backdrop
2020-09-18,2020-09-17,BULL,Probabilistic bull regime | policy heavy,1.0,0.9849796669172604,0.013151006292208747,0.00186932679053097,0.004494745363594155,0.5188118811881188,20.100000381469727,0.0878251702253224,0.6008754279706474,0.0,policy heavy
2020-09-25,2020-09-24,CHOP,Probabilistic mixed/chop regime | conflict stress,0.8043119829002936,0.8960739447838744,0.07132416506937084,0.0326018901467547,0.25868919823201264,0.38613861386138615,23.510000228881836,-0.048505927867753165,-0.20776872344657693,0.9568801709970645,conflict stress
2020-10-09,2020-10-08,BULL,Probabilistic bull regime | Neutral news backdrop,1.0,0.9862050788488123,0.012335036206974018,0.001459884944213807,0.043609971548302325,0.48118811881188117,20.3799991607666,0.02329014251505387,0.1774853558599626,0.0,Neutral news backdrop
2020-10-16,2020-10-15,BULL,Probabilistic bull regime | negative tone,1.0,0.9691901865319917,0.02628504138016376,0.004524772087844378,0.014723618653739721,0.43366336633663366,22.059999465942383,-0.038091874520445684,-0.17753343684092157,0.0,negative tone
2020-10-23,2020-10-22,BULL,Probabilistic bull regime | attention shock,0.8976747342176608,0.9883507577058688,0.010416925172795645,0.0012323171213356353,0.015849100476016537,0.4891089108910891,22.639999389648438,0.0393594347352398,0.3692738260185128,0.02325265782339267,attention shock
2020-10-30,2020-10-29,BULL,Probabilistic bull regime | attention shock,1.0,0.9845186437872585,0.013595889010515859,0.00188546720222557,0.005197815946368013,0.46732673267326735,24.020000457763672,0.03933891148320244,0.4156936151887965,0.0,attention shock
2020-11-06,2020-11-05,BULL,Probabilistic bull regime | conflict stress,0.8379945993616111,0.9779013935483477,0.019172867614140623,0.002925738837511587,0.13199343294212043,0.5267326732673268,20.969999313354492,0.018566624299019077,0.15805355802138057,0.620054006383889,conflict stress
2020-11-13,2020-11-12,BULL,Probabilistic bull regime | conflict stress,0.833890391339252,0.985124722585211,0.013045447578267758,0.001829829836521255,0.13881073683834644,0.5900990099009901,20.6200008392334,-0.000879142125259246,0.03505713513257558,0.6610960866074796,conflict stress
2020-11-20,2020-11-19,BULL,Probabilistic bull regime | conflict stress,0.863222316302811,0.9873470603555063,0.011136575301054268,0.0015163643434393612,0.07738928018859743,0.6376237623762376,19.56999969482422,-0.021295873252646116,-0.14712055422129605,0.36777683697188956,conflict stress
2020-11-27,2020-11-26,BULL,Probabilistic bull regime | Neutral news backdrop,1.0,0.9947526333624828,0.004824357969762109,0.0004230086677551124,0.00446658291419386,0.6772277227722773,20.020000457763672,0.06583890279474898,0.4558844065421607,0.0,Neutral news backdrop
2020-12-04,2020-12-03,BULL,Probabilistic bull regime | attention shock,1.0,0.9932784069850465,0.006119138282021368,0.0006024547329321822,0.0021282114194234513,0.7128712871287128,19.0,0.004259896339776174,0.008534854261734143,0.0,attention shock
2020-12-11,2020-12-10,BULL,Probabilistic bull regime | negative tone,0.8844303374053705,0.991487586333423,0.007687017493069201,0.000825396173507871,0.03381275645050668,0.7247524752475247,18.709999084472656,0.007993614816934808,0.011648321964079111,0.15569662594629569,negative tone
2020-12-18,2020-12-17,BULL,Probabilistic bull regime | negative tone,0.885842449569238,0.9905395777303356,0.008473468118252097,0.000986954151412117,0.03083118001712865,0.7287128712871287,19.15999984741211,-0.009247252423809976,-0.07991963702602947,0.14157550430762034,negative tone
2021-01-01,2020-12-31,BULL,"Probabilistic bull regime | policy heavy, conflict stress",0.8503669349259819,0.9906573494589443,0.008376100481984674,0.0009665500590710116,0.10138096754593523,0.7247524752475247,21.100000381469727,0.050773662559635495,0.370540881108796,0.49633065074018007,"policy heavy, conflict stress"
2021-01-08,2021-01-07,BULL,Probabilistic bull regime | attention shock,1.0,0.9884041050905851,0.010351429142507838,0.0012444657669070706,0.017162443028847944,0.7247524752475247,20.6200008392334,-0.005888721121343376,-0.008695163518852647,0.06790205463910942,attention shock
2021-01-15,2021-01-14,BULL,Probabilistic bull regime | attention shock,1.0,0.9936301292565491,0.005784624223087853,0.0005852465203629857,0.0037427343274465947,0.7247524752475247,23.030000686645508,0.06826743568971186,0.5764033179477449,0.0,attention shock
2021-01-22,2021-01-21,BULL,Probabilistic bull regime | attention shock,1.0,0.9926689605300685,0.006652170179463898,0.0006788692904677268,0.0020345076789961662,0.7188118811881188,22.18000030517578,0.040474171549716956,0.35861922484246556,0.0,attention shock
2021-01-29,2021-01-28,BULL,Probabilistic bull regime | Neutral news backdrop,1.0,0.9664121589106237,0.02592279503255894,0.0076650460568174605,0.1280744063670315,0.689108910891089,24.290000915527344,-0.0481518616440061,-0.16126281993132377,0.540041341045213,Neutral news backdrop
2021-02-05,2021-02-04,BULL,Probabilistic bull regime | Neutral news backdrop,0.9,0.9881537390637488,0.01047745787777553,0.001368803058475692,0.01242672386785168,0.7108910891089109,23.1200008392334,-0.01472382353908764,0.021927184793913118,0.0,Neutral news backdrop
2021-02-12,2021-02-11,BULL,Probabilistic bull regime | Neutral news backdrop,1.0,0.9890843623059422,0.00971756843998666,0.0011980692540711237,0.006783001530773115,0.699009900990099,23.049999237060547,0.01736532997738238,0.22630446557672435,0.019707398410801415,Neutral news backdrop
2021-02-19,2021-02-18,BULL,Probabilistic bull regime | Neutral news backdrop,0.9,0.9882077752318235,0.010539176137660217,0.0012530486305161797,0.0030035188630919613,0.695049504950495,21.540000915527344,0.0035419045419990518,0.08802874792624316,0.0,Neutral news backdrop
2021-02-26,2021-02-25,BULL,Probabilistic bull regime | conflict stress,0.8537167936262333,0.9866168787381392,0.011509592443943596,0.0018735288179171756,0.09633364618564694,0.695049504950495,22.889999389648438,-0.053607984220682206,-0.2304338144812461,0.46283206373766694,conflict stress
2021-03-05,2021-03-04,BULL,Probabilistic bull regime | Neutral news backdrop,1.0,0.9905913706391913,0.008391025044828018,0.0010176043159807427,0.0038737680908313174,0.7148514851485148,24.149999618530273,0.0644154556867874,0.5947777961627335,0.0,Neutral news backdrop
2021-03-12,2021-03-10,BULL,Probabilistic bull regime | conflict stress,0.8085267963111309,0.9666477367279396,0.0269592520066367,0.00639301126542368,0.20167009754529822,0.7049504950495049,20.75,-0.07957325927881145,-0.4790482524013483,0.9147320368886905,conflict stress
2021-03-19,2021-03-18,BULL,Probabilistic bull regime | Neutral news backdrop,1.0,0.9856642621630146,0.012521461537959801,0.0018142762990254798,0.011787439272985964,0.6594059405940594,20.079999923706055,0.052450798488271805,0.3793091977195729,0.0,Neutral news backdrop
2021-03-26,2021-03-25,BULL,Probabilistic bull regime | Neutral news backdrop,1.0,0.97553993716013,0.02018263039407608,0.004277432445794122,0.01030344530843098,0.6237623762376238,22.700000762939453,-0.025679807848977894,-0.06366116823048333,0.0,Neutral news backdrop
2021-04-09,2021-04-08,BULL,Probabilistic bull regime | Neutral news backdrop,1.0,0.984860674379871,0.013106297937189357,0.0020330276829397032,0.00762880240949722,0.6673267326732674,20.309999465942383,0.005615561988560084,0.04841559283525679,0.0,Neutral news backdrop
2021-04-16,2021-04-15,BULL,Probabilistic bull regime | Neutral news backdrop,0.8517099718072354,0.9768366070323202,0.019414739053280502,0.003748653914399316,0.10557329606834293,0.6376237623762376,20.889999389648438,0.014295764039061208,0.12065938024226014,0.48290028192764634,Neutral news backdrop
2021-04-23,2021-04-22,BULL,Probabilistic bull regime | negative tone,1.0,0.9834238283181022,0.014057949523814069,0.0025182221580838495,0.006783128346598198,0.6178217821782178,23.030000686645508,0.02706341999080788,0.27143747784402295,0.0,negative tone
2021-04-30,2021-04-29,BULL,Probabilistic bull regime | attention shock,1.0,0.9905472657454979,0.008205352386124598,0.0012473818683774991,0.005345570066904016,0.6356435643564357,23.309999465942383,0.05552954184470284,0.47785500105436945,0.0,attention shock
2021-05-07,2021-05-06,BULL,Probabilistic bull regime | Neutral news backdrop,1.0,0.9867620724470084,0.011405588428113804,0.0018323391248777638,0.004717390319894137,0.6554455445544555,22.040000915527344,0.015618847195243408,0.16535748734084713,0.0,Neutral news backdrop
2021-05-14,2021-05-12,BULL,"Probabilistic bull regime | conflict stress, negative tone",0.8250120646533466,0.9799525023810023,0.01668586541955985,0.0033616321994380436,0.15772200318669669,0.6772277227722773,20.079999923706055,-0.01753443186842031,-0.11625417158192888,0.7498793534665336,"conflict stress, negative tone"
2021-05-21,2021-05-20,BULL,Probabilistic bull regime | attention shock,0.8774268002539689,0.9898749385389879,0.00906162288037202,0.0010634385806400028,0.05184919577148626,0.6851485148514852,,0.009867079016192711,0.06594905202715368,0.2257319974603113,attention shock
2021-05-28,2021-05-27,BULL,Probabilistic bull regime | Neutral news backdrop,1.0,0.9891427743055533,0.009684822724057952,0.0011724029703886756,0.07713610177959258,0.700990099009901,19.90999984741211,0.005697849446577509,0.029055074077125917,0.3720035107078997,Neutral news backdrop
2021-06-04,2021-06-03,BULL,Probabilistic bull regime | negative tone,1.0,0.9946902191508993,0.004890896069409417,0.00041888477969130784,0.00364208330616408,0.7089108910891089,15.75,0.038237522270203314,0.10915229550710859,0.0,negative tone
2021-06-11,2021-06-10,BULL,"Probabilistic bull regime | attention shock, policy heavy",1.0,0.9961414207009305,0.0035911838242714223,0.00026739547479810266,0.0014782356522875738,0.7188118811881188,15.0,0.10302536767820245,0.5023856967152787,0.0,"attention shock, policy heavy"
2021-06-18,2021-06-17,BULL,"Probabilistic bull regime | conflict stress, negative tone",0.7992514056473377,0.9837467061376788,0.013806811642761763,0.0024464822195595084,0.20931757676983942,0.7188118811881188,15.289999961853027,-0.04197560371897255,-0.44331841534955063,1.0,"conflict stress, negative tone"
2021-06-25,2021-06-24,BULL,Probabilistic bull regime | Neutral news backdrop,1.0,0.9936703415716709,0.005815684998968213,0.0005139734293609406,0.005834362316834472,0.7148514851485148,15.100000381469727,0.05219871581995225,0.1805761082411671,0.0,Neutral news backdrop
2021-07-02,2021-07-01,BULL,Probabilistic bull regime | Neutral news backdrop,1.0,0.9926491465749857,0.00674839069815956,0.0006024627268546692,0.0020502009788821093,0.7168316831683168,12.84000015258789,0.06136496695553416,0.16793665792696366,0.0,Neutral news backdrop
2021-07-09,2021-07-08,BULL,Probabilistic bull regime | negative tone,0.8861276098539161,0.9885437455784266,0.01022163079657412,0.0012346236249992266,0.03213038634993375,0.7188118811881188,13.5600004196167,-0.0016019590406045545,-0.22904164362307333,0.13872390146083813,negative tone
2021-07-16,2021-07-15,BULL,Probabilistic bull regime | Neutral news backdrop,1.0,0.9936756063737042,0.005833481546774533,0.0004909120795213416,0.0036723984990383175,0.7207920792079208,12.270000457763672,0.07585133682231991,0.2381258677233694,0.0,Neutral news backdrop
2021-07-23,2021-07-22,BULL,Probabilistic bull regime | attention shock,1.0,0.992528565854917,0.006845324430288602,0.0006261097147945592,0.0021356770054297845,0.7089108910891089,11.890000343322754,0.10442509608478942,0.41557358658956206,0.0,attention shock
2021-07-30,2021-07-29,BULL,Probabilistic bull regime | Neutral news backdrop,1.0,0.9887567939103473,0.010159318945306004,0.0010838871443465058,0.0041627160218561145,0.6811881188118812,12.949999809265137,0.05394866514666505,0.11568381438337788,0.0,Neutral news backdrop
2021-08-06,2021-08-05,BULL,Probabilistic bull regime | Neutral news backdrop,1.0,0.9939883100687632,0.005553310014019399,0.00045837991721723806,0.0036481962409779444,0.6752475247524753,12.869999885559082,0.09360744098811097,0.380243192975346,0.0,Neutral news backdrop
2021-08-13,2021-08-12,BULL,Probabilistic bull regime | Neutral news backdrop,1.0,0.9931164021147878,0.006333716127245803,0.0005498817579663835,0.0018790545079246706,0.6534653465346535,12.369999885559082,0.060490739998902476,0.15215694961802761,0.0,Neutral news backdrop
2021-08-20,2021-08-18,BULL,Probabilistic bull regime | Neutral news backdrop,1.0,0.9923904633325712,0.006922708553650476,0.0006868281137783949,0.0019859454082389325,0.6237623762376238,12.90999984741211,0.011802318915307041,-0.15208505146475915,0.0,Neutral news backdrop
2021-08-27,2021-08-26,BULL,Probabilistic bull regime | Neutral news backdrop,1.0,0.9923297342947007,0.007013035657004697,0.000657230048294758,0.0017061463472281809,0.6,13.539999961853027,0.027961956160598975,-0.02247346585389054,0.0,Neutral news backdrop
2021-09-03,2021-09-02,BULL,Probabilistic bull regime | Neutral news backdrop,0.8945563322625798,0.9927282390366011,0.006640126474850353,0.0006316344885484932,0.012647341699085135,0.6356435643564357,14.239999771118164,0.02242679129764174,-0.034713777567618107,0.05443667737420213,Neutral news backdrop
2021-09-17,2021-09-16,BULL,Probabilistic bull regime | Neutral news backdrop,1.0,0.9940418400623945,0.005465193729464854,0.0004929662081406283,0.0018813456907562473,0.6772277227722773,14.40999984741211,0.019978134579533034,-0.05039418844561759,0.0,Neutral news backdrop
2021-09-24,2021-09-23,BULL,"Probabilistic bull regime | attention shock, conflict stress",0.8248349606123991,0.9886298688552049,0.01005242696607593,0.001317704178719279,0.15530303288313996,0.6594059405940594,16.600000381469727,0.0014593681268817056,-0.10075419559167706,0.7516503938760086,"attention shock, conflict stress"
2021-10-01,2021-09-30,BULL,Probabilistic bull regime | conflict stress,1.0,0.9871276471380894,0.01140425256934679,0.001468100292563717,0.059883063453698246,0.6673267326732674,18.399999618530273,-0.00758916260720505,-0.08800404242711257,0.28169486525050735,conflict stress
2021-10-08,2021-10-07,BULL,Probabilistic bull regime | Neutral news backdrop,1.0,0.991444413556347,0.007784800034622025,0.0007707864090309987,0.0038078194587526787,0.6792079207920793,16.15999984741211,0.032916059731383375,0.10785067148571442,0.0,Neutral news backdrop
2021-10-22,2021-10-21,BULL,Probabilistic bull regime | attention shock,0.8826708701575694,0.9910531119810287,0.00811174623508761,0.0008351417838836097,0.0367907513543253,0.6534653465346535,18.040000915527344,0.06138237051738403,0.3632650816762206,0.1732912984243055,attention shock
2021-10-29,2021-10-28,BULL,Probabilistic bull regime | attention shock,1.0,0.9888748377864781,0.010074152758268756,0.0010510094552530732,0.0034154577213027673,0.6138613861386139,17.90999984741211,0.08354793605090963,0.48708460203594484,0.0,attention shock
2021-11-12,2021-11-11,BULL,Probabilistic bull regime | Neutral news backdrop,1.0,0.9856133807333958,0.012894676746433749,0.0014919425201704755,0.004643368031242008,0.6356435643564357,16.350000381469727,0.022216055855543308,0.021395253730051682,0.0,Neutral news backdrop
2021-11-26,2021-11-25,BULL,Probabilistic bull regime | Neutral news backdrop,1.0,0.9821358274162741,0.015831349305064496,0.002032823278661367,0.005544298165182185,0.5663366336633663,16.65999984741211,0.0630860899412107,0.3116269288059677,0.0,Neutral news backdrop
2021-12-03,2021-12-02,BULL,Probabilistic bull regime | Neutral news backdrop,1.0,0.9808334838648032,0.01679178876527356,0.002374727369923398,0.004894303299186006,0.5346534653465347,18.09000015258789,0.05115370396819423,0.28275019527808726,0.0,Neutral news backdrop
2021-12-10,2021-12-09,BULL,Probabilistic bull regime | Neutral news backdrop,1.0,0.9880201020248313,0.010777160550644175,0.0012027374245246465,0.0058705052519513155,0.5663366336633663,16.600000381469727,0.11817625238626973,0.6827603684330559,0.0,Neutral news backdrop
2021-12-17,2021-12-16,BULL,Probabilistic bull regime | Neutral news backdrop,1.0,0.9767238980870996,0.02038956742008283,0.0028865344928175364,0.01232695113070064,0.5306930693069307,15.899999618530273,0.014416327592552972,-0.037536412669298,0.01005566038788916,Neutral news backdrop
2021-12-24,2021-12-23,BULL,Probabilistic bull regime | Neutral news backdrop,1.0,0.9773059621571903,0.019992980022015026,0.002701057820794634,0.0053409479642616935,0.47326732673267324,15.829999923706055,0.033844385983216506,0.08827747818081642,0.0,Neutral news backdrop
2021-12-31,2021-12-30,BULL,Probabilistic bull regime | Neutral news backdrop,1.0,0.9772892870916926,0.019772165425111874,0.0029385474831956277,0.0052367224263810365,0.49504950495049505,16.56999969482422,0.002967747214157629,-0.08971135017509599,0.0,Neutral news backdrop
2022-01-07,2022-01-06,BULL,Probabilistic bull regime | conflict stress,0.8325536832564975,0.9751007282905164,0.020974750273462916,0.003924521436020509,0.1416422435766352,0.5524752475247525,17.979999542236328,-0.044868084679264605,-0.3519166180714569,0.6744631674350258,conflict stress
2022-01-14,2022-01-13,BULL,Probabilistic bull regime | attention shock,1.0,0.9931576407491873,0.006274351799908723,0.0005680074509040538,0.009607683946745188,0.5742574257425742,16.700000762939453,0.06248888288497296,0.32303067295882953,0.0,attention shock
2022-01-21,2022-01-20,BULL,Probabilistic bull regime | Neutral news backdrop,1.0,0.990872791915102,0.008299940754777304,0.0008272673301206943,0.00301907705834211,0.5465346534653466,17.790000915527344,0.057495155047883426,0.32534268000840266,0.0,Neutral news backdrop
2022-01-28,2022-01-27,BULL,Probabilistic bull regime | Neutral news backdrop,0.894615618884398,0.9740998929918152,0.022558363149259325,0.0033417438589253916,0.024164936920105087,0.45544554455445546,21.06999969482422,-0.005683691139530196,0.007771299533145079,0.05384381115602003,Neutral news backdrop
2022-02-04,2022-02-03,BULL,Probabilistic bull regime | Neutral news backdrop,1.0,0.9822915037881927,0.01575415199811437,0.0019543442136928124,0.007618792943469899,0.502970297029703,19.15999984741211,0.035598031890832306,0.2117057168939109,0.0,Neutral news backdrop
2022-02-11,2022-02-10,BULL,Probabilistic bull regime | Neutral news backdrop,1.0,0.9751850253214294,0.021651839605672154,0.0031631350728982795,0.008793537260337264,0.4752475247524752,17.709999084472656,-0.007255018203907209,-0.11424061116510259,0.0,Neutral news backdrop
2022-02-18,2022-02-17,BULL,Probabilistic bull regime | Neutral news backdrop,1.0,0.9529725897764008,0.03885718330369723,0.008170226919901965,0.10962789634273826,0.4079207920792079,22.010000228881836,-0.025572854022150142,-0.09954068737483941,0.4429638645938755,Neutral news backdrop
2022-02-25,2022-02-24,BEAR,"Probabilistic bear regime | policy heavy, conflict stress, negative tone",0.8186908618114275,0.00011242050412967381,0.003480797936956995,0.9964067815589133,0.6080658537537433,0.2297029702970297,31.979999542236328,-0.09689873852776981,-0.24471845869112072,0.8130913818857248,"policy heavy, conflict stress, negative tone"
2022-03-04,2022-03-03,BEAR,Probabilistic bear regime | Neutral news backdrop,1.0,0.0003153832682247907,0.0061917582941074314,0.9934928584376678,0.06383958521664769,0.31485148514851485,28.15999984741211,-0.06565668455950148,-0.1661938065712292,0.305819074229879,Neutral news backdrop
2022-03-11,2022-03-10,CHOP,Probabilistic mixed/chop regime | Neutral news backdrop,1.0,0.001074985103936855,0.011287557056003877,0.9876374578400594,0.005322435721699293,0.300990099009901,25.579999923706055,0.01734603172731073,0.30185049566327543,0.0,Neutral news backdrop
2022-03-25,2022-03-24,CHOP,Probabilistic mixed/chop regime | Neutral news backdrop,0.9,0.9762211065474674,0.01906680095000306,0.004712092502529671,0.44801461159290085,0.3425742574257426,23.93000030517578,0.03640050701258122,0.3899716122882063,0.0,Neutral news backdrop
2022-04-01,2022-03-31,CHOP,Probabilistic mixed/chop regime | policy heavy,1.0,0.985481310998545,0.012511933239414864,0.0020067557620402294,0.007472180955683974,0.3782178217821782,20.559999465942383,0.08351230332968913,0.5954576633800372,0.0,policy heavy
2022-04-08,2022-04-07,BULL,Probabilistic bull regime | Neutral news backdrop,1.0,0.9746204859213192,0.021804928728385697,0.003574585350294991,0.09685683258834357,0.43564356435643564,19.0,-0.02024549730993527,-0.141099486101379,0.4308932070889843,Neutral news backdrop
2022-04-22,2022-04-21,BULL,Probabilistic bull regime | Neutral news backdrop,1.0,0.9858754170629423,0.012718032377427592,0.0014065505596300581,0.00817094571306792,0.4277227722772277,17.850000381469727,0.08701009334204488,0.5246763215714887,0.0,Neutral news backdrop
2022-04-29,2022-04-28,BULL,Probabilistic bull regime | Neutral news backdrop,1.0,0.9799477789843868,0.017705979627923724,0.002346241387689523,0.007147129616010569,0.41386138613861384,19.3799991607666,0.038736644828441164,0.253057531081682,0.0,Neutral news backdrop
2022-05-06,2022-05-05,CHOP,Probabilistic mixed/chop regime | Neutral news backdrop,1.0,0.0014218469505607127,0.014626702981385303,0.983951450068054,0.44521642328266536,0.3089108910891089,20.290000915527344,0.03193216101006924,0.24266419978224016,0.0,Neutral news backdrop
2022-05-13,2022-05-12,BEAR,Probabilistic bear regime | policy heavy,1.0,0.0008501419973380711,0.008841382533302728,0.9903084754693593,0.00496899473618312,0.18811881188118812,24.270000457763672,0.052213952128557964,0.49607974578922875,0.0,policy heavy
2022-05-20,2022-05-19,BEAR,Probabilistic bear regime | Neutral news backdrop,0.8562945537229087,0.00033900514688322246,0.006888024949515306,0.9927729699036014,0.09003312209824779,0.2376237623762376,24.559999465942383,-0.042113521153081486,-0.1232285914796663,0.4370544627709122,Neutral news backdrop
2022-05-27,2022-05-26,BEAR,Probabilistic bear regime | attention shock,0.9,0.001225052639770477,0.012271390995093627,0.9865035563651359,0.005765535347236422,0.22772277227722773,22.719999313354492,0.03847728695426557,0.3477239042648154,0.0,attention shock
2022-06-03,2022-06-02,CHOP,Probabilistic mixed/chop regime | attention shock,1.0,0.0020542539460225834,0.01850495365278662,0.9794407924011908,0.007700936092741658,0.27920792079207923,20.31999969482422,0.036916583172471755,0.25189734343637943,0.0,attention shock
2022-06-10,2022-06-09,BEAR,Probabilistic bear regime | conflict stress,0.8363595161347177,0.0006914568996373078,0.012490428629111391,0.9868181144712512,0.1333754311477689,0.2376237623762376,19.139999389648438,-0.03395662596588638,-0.2505000368778956,0.6364048386528223,conflict stress
2022-06-17,2022-06-16,BEAR,Probabilistic bear regime | negative tone,0.891844356454775,0.0003866334997854176,0.007029481404922257,0.9925838850952923,0.020466433552167096,0.14653465346534653,22.8700008392334,-0.07003321048387562,-0.36047104575559186,0.08155643545225001,negative tone
2022-06-24,2022-06-23,BEAR,Probabilistic bear regime | Neutral news backdrop,0.9,0.0010275421522969366,0.011286534611687547,0.9876859232360155,0.004872406619930866,0.14455445544554454,20.8799991607666,0.036356146258582876,0.2786769393001022,0.0,Neutral news backdrop
2022-07-01,2022-06-30,BEAR,Probabilistic bear regime | conflict stress,0.8185583690624634,0.0002974936232663214,0.007110150417550597,0.992592355959183,0.16663218413331535,0.17227722772277226,21.84000015258789,-0.02269711879690162,-0.0874784448869031,0.8144163093753662,conflict stress
2022-07-08,2022-07-07,BEAR,Probabilistic bear regime | Neutral news backdrop,1.0,0.0014477494855788036,0.017577391085320016,0.9809748594291012,0.10852022980815587,0.22574257425742575,19.200000762939453,0.02275804162669256,0.12767339823941054,0.4959888917916176,Neutral news backdrop
2022-07-15,2022-07-14,BEAR,Probabilistic bear regime | Neutral news backdrop,1.0,0.0018239108511810685,0.021055638141091015,0.9771204510077279,0.08117966945660746,0.24356435643564356,18.34000015258789,-0.014701677369290393,-0.16068543652878287,0.3725224684914943,Neutral news backdrop
2022-07-22,2022-07-21,CHOP,Probabilistic mixed/chop regime | Neutral news backdrop,1.0,0.003387418435292063,0.029805913614716375,0.9668066679499916,0.1004672330658997,0.31683168316831684,16.860000610351562,0.02780436463606037,0.08222971350267054,0.4425494029642912,Neutral news backdrop
2022-07-29,2022-07-28,CHOP,Probabilistic mixed/chop regime | negative tone,0.8171335787979567,0.002519422951141338,0.02735511062405893,0.9701254664247997,0.1737050930230187,0.33861386138613864,17.010000228881836,0.02971651053014021,0.09255704506528613,0.8286642120204334,negative tone
2022-08-05,2022-08-04,BULL,Probabilistic bull regime | Neutral news backdrop,0.9,0.9848943136745605,0.013429242985295232,0.0016764433401442217,0.44542512675865537,0.403960396039604,19.260000228881836,0.03504233657898528,0.1977279900878637,0.0,Neutral news backdrop
2022-08-12,2022-08-11,BULL,Probabilistic bull regime | Neutral news backdrop,1.0,0.9863509320700329,0.012257067038053314,0.0013920008919139448,0.003663692042338744,0.4376237623762376,18.360000610351562,0.034850855907347184,0.17463468785050168,0.0,Neutral news backdrop
2022-08-19,2022-08-18,BULL,Probabilistic bull regime | negative tone,0.9,0.9860206510675332,0.01247241476937301,0.0015069341630937637,0.0032458830702369237,0.49306930693069306,17.350000381469727,0.0019657645537778327,-0.08144005976914591,0.0,negative tone
2022-08-26,2022-08-25,BULL,Probabilistic bull regime | Neutral news backdrop,1.0,0.9768860261485043,0.020089955513537955,0.0030240183379577974,0.08774362656931614,0.4910891089108911,19.56999969482422,-0.002420729723996008,-0.025151714947812084,0.392027234589312,Neutral news backdrop
2022-09-02,2022-09-01,BULL,Probabilistic bull regime | attention shock,0.8741301823484657,0.9817873147550419,0.016111429363431053,0.0021012558815269775,0.0580080034013076,0.5168316831683168,19.8700008392334,0.05055413343298469,0.3540819654328404,0.25869817651534316,attention shock
2022-09-09,2022-09-08,BULL,Probabilistic bull regime | attention shock,1.0,0.9858420551653756,0.012688497475368805,0.0014694473592555925,0.00495011162342615,0.5564356435643565,18.309999465942383,0.03557100839509079,0.19536918887863908,0.0,attention shock
2022-09-16,2022-09-15,BULL,Probabilistic bull regime | conflict stress,0.8292551991445665,0.9706655309439819,0.024976904128790157,0.0043575649272279,0.15505744440714356,0.5762376237623762,18.389999389648438,-0.008610401856769041,-0.09509374770815868,0.7074480085543359,conflict stress
2022-09-23,2022-09-22,BULL,Probabilistic bull regime | Neutral news backdrop,1.0,0.9785438995229627,0.01886863475268948,0.00258746572434778,0.008353979100818374,0.5267326732673268,18.81999969482422,-0.0007361965817421988,-0.029007165292217876,0.0,Neutral news backdrop
2022-09-30,2022-09-29,CHOP,Probabilistic mixed/chop regime | Neutral news backdrop,1.0,0.0025277884625333094,0.01928055046155473,0.978191661075912,0.44407447545451756,0.42178217821782177,21.299999237060547,0.06867953860267403,0.5132062611020789,0.0,Neutral news backdrop
2022-10-07,2022-10-06,BULL,Probabilistic bull regime | Neutral news backdrop,1.0,0.9815347536605417,0.016421594882316943,0.0020436514571413548,0.44465491389842376,0.500990099009901,19.31999969482422,0.048953405578874606,0.31770453516242225,0.0,Neutral news backdrop
2022-10-14,2022-10-13,BULL,Probabilistic bull regime | Neutral news backdrop,1.0,0.9684682149397984,0.02663815611786694,0.004893628942334688,0.013165025224841743,0.44356435643564357,20.290000915527344,0.0297093013837714,0.22236630158250076,0.0,Neutral news backdrop
2022-10-21,2022-10-20,BULL,Probabilistic bull regime | attention shock,1.0,0.984161464475854,0.014211081139844787,0.0016274543843013654,0.01055516027291446,0.46732673267326735,17.229999542236328,0.06695027093030995,0.3728228906400855,0.0,attention shock
2022-10-28,2022-10-27,BULL,Probabilistic bull regime | Neutral news backdrop,1.0,0.9877519856496538,0.011064288980620092,0.0011837253697260478,0.0043020824722244085,0.499009900990099,16.600000381469727,0.050426372977166505,0.22125107798151394,0.0,Neutral news backdrop
2022-11-04,2022-11-03,BULL,Probabilistic bull regime | Neutral news backdrop,1.0,0.983892517359011,0.014161819284581774,0.001945663356407317,0.04703150123686889,0.5366336633663367,15.9399995803833,-0.013437542943496389,-0.21020052448785798,0.2084205565330015,Neutral news backdrop
2022-11-11,2022-11-10,BULL,Probabilistic bull regime | Neutral news backdrop,1.0,0.991735609849181,0.007556105428850424,0.0007082847219686241,0.005323926595134039,0.5386138613861386,15.569999694824219,0.0650430927841732,0.28159328258091104,0.0,Neutral news backdrop
2022-11-18,2022-11-17,BULL,Probabilistic bull regime | Neutral news backdrop,1.0,0.9908040717809999,0.008384940162300996,0.0008109880566990555,0.0024205753858212893,0.5207920792079208,14.880000114440918,0.05078420644170213,0.15908785591262195,0.0,Neutral news backdrop
2022-11-25,2022-11-24,BULL,Probabilistic bull regime | Neutral news backdrop,0.9,0.9911341047347106,0.008100327338653157,0.0007655679266362197,0.0020748074675549172,0.5326732673267327,13.479999542236328,0.04719642173961012,0.08414603238590121,0.0,Neutral news backdrop
2022-12-02,2022-12-01,BULL,Probabilistic bull regime | Neutral news backdrop,0.8914149519440223,0.9920085617613564,0.007314151230544524,0.0006772870080990095,0.01929734682329447,0.5821782178217821,13.359999656677246,0.056828299641956834,0.14055570315138552,0.0858504805597767,Neutral news backdrop
2022-12-09,2022-12-08,BULL,Probabilistic bull regime | Neutral news backdrop,1.0,0.9918375871305554,0.007470368882013922,0.0006920439874307824,0.0018478299552355977,0.594059405940594,13.399999618530273,0.04758917807566662,0.08687936857424519,0.0,Neutral news backdrop
2022-12-16,2022-12-15,BULL,Probabilistic bull regime | attention shock,1.0,0.9881660977577145,0.010682536951199832,0.0011513652910855167,0.055867368674910836,0.592079207920792,13.729999542236328,0.05100446756461048,0.12287110080680594,0.2580907247522914,attention shock
2022-12-23,2022-12-22,BULL,Probabilistic bull regime | Neutral news backdrop,1.0,0.9835439192122664,0.014746949706182226,0.0017091310815514128,0.005713022719308711,0.5128712871287129,15.1899995803833,0.037769655800802375,0.08927538268379664,0.0,Neutral news backdrop
2022-12-30,2022-12-29,BULL,Probabilistic bull regime | Neutral news backdrop,0.9,0.9833479371752097,0.014939751489470967,0.001712311335319429,0.0037610667486974534,0.5148514851485149,14.8100004196167,0.05069787092864779,0.16973855592417647,0.0,Neutral news backdrop
2023-01-06,2023-01-05,BULL,Probabilistic bull regime | Neutral news backdrop,1.0,0.9799739312145959,0.017773352437444087,0.002252716347959998,0.0059740597089490265,0.5227722772277228,14.979999542236328,0.0610903851123035,0.2434612337595148,0.0,Neutral news backdrop
2023-01-13,2023-01-12,BULL,Probabilistic bull regime | policy heavy,0.9,0.979247859418877,0.018400592576860622,0.002351548004262521,0.004947470025150617,0.504950495049505,15.279999732971191,0.06614232937904789,0.27903951309511865,0.0,policy heavy
2023-01-20,2023-01-19,BULL,"Probabilistic bull regime | attention shock, policy heavy",1.0,0.9885972661355296,0.010333293717374103,0.0010694401470962831,0.006701667824807037,0.502970297029703,13.960000038146973,0.1504967331365951,0.7874043128986105,0.0,"attention shock, policy heavy"
2023-01-27,2023-01-25,BULL,Probabilistic bull regime | attention shock,1.0,0.9811836032427776,0.016778654729573506,0.0020377420276487816,0.007506976058712597,0.45544554455445546,14.65999984741211,0.08613979376841667,0.3812931909685768,0.0,attention shock
2023-02-03,2023-02-02,BULL,Probabilistic bull regime | policy heavy,1.0,0.9750960656744402,0.021884397895787527,0.0030195364297725203,0.008324086056818386,0.4198019801980198,15.729999542236328,0.06130627673800258,0.252875869758592,0.0,policy heavy
2023-02-10,2023-02-09,BULL,Probabilistic bull regime | attention shock,0.8398562780767511,0.966256981138067,0.02835666505477736,0.005386353807155476,0.13209090642168336,0.47128712871287126,13.039999961853027,-0.011056419657029727,-0.30347683443778173,0.6014372192324892,attention shock
2023-02-17,2023-02-16,BULL,Probabilistic bull regime | Neutral news backdrop,1.0,0.980484972535978,0.01730923258724901,0.0022057948767731745,0.010746760597218907,0.47326732673267324,12.890000343322754,0.028549683103155393,-0.03389501141301218,0.0,Neutral news backdrop
2023-02-24,2023-02-23,BULL,Probabilistic bull regime | Neutral news backdrop,1.0,0.9722127869358569,0.02420720840414006,0.003580004660002877,0.009995927064883612,0.41386138613861384,15.079999923706055,0.02486391458996562,0.012206374090012254,0.0,Neutral news backdrop
2023-03-03,2023-03-02,CHOP,Probabilistic mixed/chop regime | Neutral news backdrop,1.0,0.002882618723709931,0.026588717502385763,0.9705286637739043,0.500702834986519,0.3940594059405941,12.970000267028809,0.042537011777193885,0.06836730642325432,0.2901673415054587,Neutral news backdrop
2023-03-10,2023-03-09,BULL,Probabilistic bull regime | attention shock,1.0,0.984077471753413,0.014306390327924233,0.001616137918662738,0.4450454170964163,0.4297029702970297,12.729999542236328,0.0926376101722679,0.38189590186276023,0.0,attention shock
2023-03-17,2023-03-16,CHOP,Probabilistic mixed/chop regime | Neutral news backdrop,0.8464654618858327,0.0008447269943496916,0.013953276021945049,0.9852019969837053,0.5528112588097325,0.3603960396039604,16.219999313354492,0.006292369774585766,-0.09497085538572386,0.5353453811416727,Neutral news backdrop
2023-03-24,2023-03-23,CHOP,Probabilistic mixed/chop regime | Neutral news backdrop,1.0,0.004250751098928316,0.028139824585014954,0.9676094243160568,0.015244923057016139,0.35247524752475246,14.489999771118164,0.09300764589123471,0.4211468831756016,0.0,Neutral news backdrop
2023-03-31,2023-03-29,CHOP,Probabilistic mixed/chop regime | Neutral news backdrop,1.0,0.0048060697182729555,0.03193056850210818,0.9632633617796188,0.010264269729127891,0.3445544554455445,13.630000114440918,0.07248888077473821,0.25777819370907445,0.0,Neutral news backdrop
2023-04-21,2023-04-20,BULL,Probabilistic bull regime | attention shock,1.0,0.990883593773608,0.008351522227227666,0.0007648839991643093,0.44571114387001204,0.4514851485148515,11.9399995803833,0.07006846552371981,0.19904092265451154,0.0,attention shock
2023-04-28,2023-04-27,BULL,"Probabilistic bull regime | attention shock, conflict stress",0.8654177899999141,0.9906473173317577,0.008529897909291217,0.0008227847589511393,0.07130583788444304,0.4613861386138614,11.430000305175781,0.08837394767516579,0.30610340845978523,0.3458221000008585,"attention shock, conflict stress"
2023-05-05,2023-05-04,BULL,Probabilistic bull regime | Neutral news backdrop,1.0,0.9912324450170652,0.008024305753400358,0.0007432492295343058,0.002165468300882234,0.5247524752475248,11.729999542236328,0.04337607948186032,0.0077372005500925545,0.0,Neutral news backdrop
2023-05-12,2023-05-11,BULL,Probabilistic bull regime | conflict stress,0.8549446388927952,0.9859131381509583,0.012553008996539421,0.0015338528525023643,0.09562855324446667,0.5465346534653466,13.220000267028809,0.023359266254504192,-0.07223114072062259,0.45055361107204844,conflict stress
2023-05-19,2023-05-18,BULL,Probabilistic bull regime | Neutral news backdrop,0.9,0.988957008483518,0.010017627236377766,0.0010253642801041627,0.0037834128089691338,0.5306930693069307,12.800000190734863,0.03175879418663827,-0.027324980401168403,0.0,Neutral news backdrop
2023-05-26,2023-05-25,BULL,Probabilistic bull regime | Neutral news backdrop,1.0,0.9914354040044911,0.00784654887651912,0.0007180471189898361,0.0029718066073376173,0.5584158415841585,12.520000457763672,0.06762791338577814,0.2112594714420011,0.0,Neutral news backdrop
2023-06-02,2023-06-01,BULL,Probabilistic bull regime | attention shock,1.0,0.9902306427594034,0.008911478966413106,0.0008578782741833827,0.0026675896632454245,0.598019801980198,11.600000381469727,0.0409118645679821,0.005776512245202536,0.0,attention shock
2023-06-09,2023-06-08,BULL,Probabilistic bull regime | Neutral news backdrop,1.0,0.9900373890222823,0.008967931555206756,0.0009946794225109158,0.0022784222617502387,0.6257425742574257,11.260000228881836,0.001753386989254431,-0.2651192346460371,0.0,Neutral news backdrop
2023-06-16,2023-06-15,BULL,Probabilistic bull regime | conflict stress,1.0,0.9840111009364341,0.013832476842373265,0.0021564222211926097,0.14048852865100359,0.6257425742574257,11.079999923706055,-0.023803658821400196,-0.4492988596938964,0.6707381737771008,conflict stress
2023-06-23,2023-06-22,BULL,Probabilistic bull regime | Neutral news backdrop,1.0,0.9905779725795278,0.008558489503701172,0.0008635379167708881,0.043623303915004324,0.6594059405940594,11.550000190734863,0.03516134400186834,-0.041527985025357095,0.19305549304081757,Neutral news backdrop
2023-06-30,2023-06-28,BULL,Probabilistic bull regime | policy heavy,0.9,0.9946693217996603,0.004948194282055883,0.00038248391828384315,0.002983739572784294,0.6613861386138614,10.890000343322754,0.12544819264884904,0.5375773659533412,0.0,policy heavy
2023-07-07,2023-07-06,BULL,Probabilistic bull regime | conflict stress,1.0,0.9921542822760425,0.007084495443145533,0.00076122228081189,0.06166945848383824,0.7029702970297029,11.84000015258789,0.0077852135965498365,-0.21260003140033645,0.2940815134862819,conflict stress
2023-07-14,2023-07-13,BULL,Probabilistic bull regime | Neutral news backdrop,1.0,0.9918891600494929,0.007396165432653629,0.000714674517853644,0.08118702147727348,0.6851485148514852,10.9399995803833,0.05160232930619608,0.0398971713623065,0.3964083354416137,Neutral news backdrop
2023-07-21,2023-07-20,BULL,Probabilistic bull regime | Neutral news backdrop,1.0,0.9958827006374539,0.003830474628940665,0.0002868247336055508,0.002677918083812788,0.7128712871287128,11.789999961853027,0.05860392945418305,0.1169058497888874,0.0,Neutral news backdrop
2023-07-28,2023-07-27,BULL,Probabilistic bull regime | attention shock,1.0,0.9961931416213061,0.0035568173929290325,0.0002500409857649559,0.0009510783156252773,0.7227722772277227,10.510000228881836,0.11747432522611055,0.4700354883677286,0.0,attention shock
2023-08-04,2023-08-03,BULL,Probabilistic bull regime | Neutral news backdrop,1.0,0.9914109816276556,0.0078439721437873,0.000745046228556987,0.004018784917322952,0.7386138613861386,11.1899995803833,0.09632730833199496,0.3510990563320616,0.0,Neutral news backdrop
2023-08-11,2023-08-10,BULL,Probabilistic bull regime | attention shock,1.0,0.992649085394845,0.006734343069981474,0.0006165715351736073,0.002150643923300898,0.7485148514851485,11.399999618530273,0.0866261103028507,0.29923823595311516,0.0,attention shock
2023-08-18,2023-08-17,BULL,"Probabilistic bull regime | conflict stress, negative tone",0.826502241549998,0.9706535297449252,0.02389659952007914,0.005449870734995639,0.16385278514048196,0.7247524752475247,12.239999771118164,-0.06694634214088621,-0.6898508444867688,0.73497758450002,"conflict stress, negative tone"
2023-08-25,2023-08-24,BULL,Probabilistic bull regime | policy heavy,0.9,0.9909397940488991,0.008244740429019636,0.0008154655220813351,0.01110395323142467,0.7405940594059406,11.699999809265137,0.061735044235414246,0.14505900718061734,0.0,policy heavy
2023-09-01,2023-08-31,BULL,Probabilistic bull regime | Neutral news backdrop,1.0,0.9925747092399313,0.006797260573018589,0.0006280301870500541,0.0023463760253882695,0.7544554455445545,12.0600004196167,0.08940462250168038,0.33276255555890943,0.0,Neutral news backdrop
2023-09-08,2023-09-07,BULL,Probabilistic bull regime | Neutral news backdrop,1.0,0.9946245141069082,0.004959956844066561,0.0004155290490251872,0.06818913981712996,0.7900990099009901,10.869999885559082,0.08561428106193197,0.27083433664118595,0.33054262319283473,Neutral news backdrop
2023-09-15,2023-09-14,BULL,Probabilistic bull regime | attention shock,1.0,0.9969438316526306,0.002862975615680987,0.00019319273168837378,0.0016935651113866288,0.7980198019801981,11.319999694824219,0.09300799552409413,0.3279481209956123,0.0,attention shock
2023-09-22,2023-09-21,BULL,Probabilistic bull regime | Neutral news backdrop,0.9,0.9935660866476967,0.005904162955286951,0.0005297503970163274,0.002912718002084153,0.7782178217821782,10.819999694824219,0.05090170608032474,0.03669476940416823,0.0,Neutral news backdrop
2023-09-29,2023-09-28,BULL,Probabilistic bull regime | Neutral news backdrop,1.0,0.9941452492855991,0.0053867716446817,0.00046797906971929787,0.0015251691438800822,0.7643564356435644,12.819999694824219,0.09955419563623619,0.4348986075402765,0.0,Neutral news backdrop
2023-10-06,2023-10-05,BULL,Probabilistic bull regime | Neutral news backdrop,1.0,0.9935046058351499,0.005968464423172139,0.0005269297416781038,0.0016927543340078048,0.7702970297029703,10.9399995803833,0.08200144820527396,0.25741686940455366,0.0,Neutral news backdrop
2023-10-13,2023-10-12,BULL,Probabilistic bull regime | Neutral news backdrop,0.9,0.9946969379015795,0.004901333361440473,0.00040172873698002075,0.0016775075969734528,0.7801980198019802,10.619999885559082,0.12334067994130254,0.5195488108791606,0.0,Neutral news backdrop
2023-10-20,2023-10-19,BULL,"Probabilistic bull regime | attention shock, policy heavy",1.0,0.9945205624914938,0.005060199084997025,0.0004192384235091774,0.001259104120941664,0.7683168316831683,10.899999618530273,0.13316568282573366,0.5953755371289201,0.0,"attention shock, policy heavy"
2023-10-27,2023-10-26,BULL,Probabilistic bull regime | Neutral news backdrop,1.0,0.9870320529927644,0.01170238820291455,0.0012655588043210154,0.006216530436739531,0.6554455445544555,11.729999542236328,0.07170209992996385,0.20500091681413024,0.0,Neutral news backdrop
2023-11-03,2023-11-02,BULL,Probabilistic bull regime | policy heavy,1.0,0.9934403008772575,0.0060355942980487515,0.0005241048246938252,0.004300472337509124,0.700990099009901,11.079999923706055,0.1361031030824681,0.6053224697546127,0.0,policy heavy
2023-11-10,2023-11-09,BULL,Probabilistic bull regime | attention shock,1.0,0.9927345969453091,0.00666608193750741,0.0005993211171836128,0.001890511603751717,0.7207920792079208,10.979999542236328,0.10532844392444192,0.3994832308138464,0.0,attention shock
2023-11-17,2023-11-16,BULL,Probabilistic bull regime | Neutral news backdrop,1.0,0.9882353000482446,0.010377546517963996,0.001387153433791433,0.09768594591381372,0.7524752475247525,11.649999618530273,0.004308990400683554,-0.25833007499309385,0.46515445816512657,Neutral news backdrop
2023-11-24,2023-11-23,BULL,Probabilistic bull regime | negative tone,1.0,0.9943617053802712,0.0051558989481262675,0.00048239567160255503,0.0039810204576782564,0.7643564356435644,11.319999694824219,0.024232475835366644,-0.13807465521304443,0.0,negative tone
2023-12-01,2023-11-30,BULL,Probabilistic bull regime | Neutral news backdrop,0.9,0.995675420527161,0.004003168474257263,0.00032141099858180107,0.00152036991038456,0.7702970297029703,12.6899995803833,0.031060615205181583,-0.04969710005564105,0.0,Neutral news backdrop
2023-12-08,2023-12-07,BULL,Probabilistic bull regime | Neutral news backdrop,0.8843865257279095,0.9961937620135567,0.003534894250368144,0.00027134373607516583,0.032275718557562734,0.7980198019801981,12.670000076293945,0.052349419895066224,0.0916507531466185,0.15613474272090475,Neutral news backdrop
2023-12-15,2023-12-14,BULL,Probabilistic bull regime | attention shock,0.8515602269288358,0.9959760334857627,0.003724693999248135,0.000299272514989055,0.0978421717856808,0.8,12.319999694824219,0.08884018649242104,0.32031009362777196,0.4843977307116413,attention shock
2023-12-22,2023-12-21,BULL,Probabilistic bull regime | conflict stress,0.8436942704563741,0.9922994045363528,0.006868319822041816,0.00083227564160527,0.11597251633553661,0.7881188118811882,13.760000228881836,-0.011794620376106721,-0.30033446824689913,0.5630572954362583,conflict stress
2023-12-29,2023-12-28,BULL,Probabilistic bull regime | Neutral news backdrop,1.0,0.9962793164577143,0.00345856238480813,0.00026212115747758385,0.002587521304565306,0.7940594059405941,15.140000343322754,0.06301613126875306,0.24835487740290835,0.0,Neutral news backdrop
2024-01-05,2024-01-04,BULL,Probabilistic bull regime | Neutral news backdrop,1.0,0.9965319813398477,0.0032372156025070767,0.00023080305764540938,0.0008534635405195437,0.807920792079208,13.329999923706055,0.10751929014927522,0.4891285256177182,0.0,Neutral news backdrop
2024-01-12,2024-01-11,BULL,Probabilistic bull regime | Neutral news backdrop,1.0,0.9962461420659365,0.0035005046798778955,0.0002533532541853939,0.0009300699109097084,0.7841584158415842,12.770000457763672,0.10522954737728486,0.45550893025702827,0.0,Neutral news backdrop
2024-01-19,2024-01-18,BULL,Probabilistic bull regime | policy heavy,1.0,0.9940807652151672,0.005440758135460313,0.0004784766493724689,0.0022539618696872992,0.7544554455445545,14.069999694824219,0.1135140612419929,0.5615847308803263,0.0,policy heavy
2024-02-02,2024-02-01,BULL,Probabilistic bull regime | attention shock,1.0,0.9923576825193988,0.006975497322486077,0.0006668201581149697,0.0024372147408389644,0.7445544554455445,14.460000038146973,0.09089846475925006,0.41747882075206866,0.0,attention shock
2024-02-09,2024-02-08,BULL,Probabilistic bull regime | Neutral news backdrop,1.0,0.988525750187962,0.010308422707953936,0.0011658271040840445,0.004252384932371028,0.7207920792079208,15.829999923706055,0.03519310817526297,0.0964459165305825,0.0,Neutral news backdrop
2024-02-16,2024-02-15,BULL,Probabilistic bull regime | attention shock,0.8112553919012059,0.9738756850480451,0.02210199984649436,0.004022315105460414,0.1901110715220338,0.7128712871287128,15.229999542236328,-0.0017354014552274227,-0.16516762403974358,0.8874460809879408,attention shock
2024-02-23,2024-02-22,BULL,Probabilistic bull regime | Neutral news backdrop,1.0,0.9924555867171162,0.006886227157393285,0.000658186125490505,0.010001475632756829,0.7306930693069307,15.199999809265137,0.023662923502371116,0.001702092395111876,0.0,Neutral news backdrop
2024-03-01,2024-02-29,BULL,Probabilistic bull regime | Neutral news backdrop,1.0,0.9864844869952165,0.011910072190413712,0.0016054408143697586,0.005711185638685504,0.7148514851485148,15.569999694824219,-0.013013513844976971,-0.22391262063099404,0.0,Neutral news backdrop
2024-03-15,2024-03-14,BULL,Probabilistic bull regime | Neutral news backdrop,1.0,0.9914817972626612,0.007789480888615553,0.0007287218487232386,0.0040981745375625045,0.6435643564356436,13.619999885559082,0.059362895596227386,0.17820455159200477,0.0,Neutral news backdrop
2024-03-22,2024-03-21,BULL,Probabilistic bull regime | conflict stress,0.8392184403209832,0.9811188163207416,0.016203304960540874,0.002677878718717643,0.1305382732614926,0.6534653465346535,12.510000228881836,-0.028826915678320818,-0.44881630481676343,0.6078155967901677,conflict stress
2024-04-05,2024-04-04,BULL,"Probabilistic bull regime | policy heavy, conflict stress",0.7987174161257136,0.9881761778617107,0.010555458600160657,0.001268363538128514,0.20579424982871972,0.7326732673267327,11.220000267028809,0.0506243655305108,0.03937249575143606,1.0,"policy heavy, conflict stress"
2024-04-12,2024-04-10,BULL,Probabilistic bull regime | Neutral news backdrop,1.0,0.9960127300684731,0.0037176343160115486,0.000269635615515269,0.004377829602451499,0.7405940594059406,11.109999656677246,0.08732224258611573,0.2885785802484609,0.0,Neutral news backdrop
2024-04-19,2024-04-18,BULL,Probabilistic bull regime | negative tone,0.8331648921342478,0.9831460346686464,0.014535737740900789,0.002318227590452815,0.14329466724578757,0.7049504950495049,13.039999961853027,-0.02435511055884234,-0.3960809115711643,0.6683510786575211,negative tone
2024-04-26,2024-04-25,BULL,"Probabilistic bull regime | attention shock, policy heavy",0.8853110996603258,0.9964220919523127,0.003340809873702516,0.00023709817398483385,0.03611502770133261,0.7346534653465346,10.729999542236328,0.12759755891648167,0.5439970341964708,0.1468890033967417,"attention shock, policy heavy"
2024-05-03,2024-05-02,BULL,Probabilistic bull regime | Neutral news backdrop,1.0,0.9941119054547294,0.005431710716760007,0.00045638382851059074,0.0023084795986687053,0.7346534653465346,13.449999809265137,0.07029628967323706,0.25139982447259485,0.0,Neutral news backdrop
2024-05-10,2024-05-09,BULL,Probabilistic bull regime | negative tone,0.9,0.9792959996447015,0.01784468946432319,0.0028593108909754387,0.01137981986376738,0.6811881188118812,18.200000762939453,-0.004908014989831044,-0.09216468223657825,0.0,negative tone
2024-05-17,2024-05-16,BULL,Probabilistic bull regime | conflict stress,1.0,0.9783541314472837,0.01829203746078837,0.003353831091928128,0.19104783313738513,0.7168316831683168,20.0,-0.033167033398823945,-0.22644111548600335,0.9281202625980911,conflict stress
2024-05-24,2024-05-23,BULL,Probabilistic bull regime | Neutral news backdrop,1.0,0.9905363212133408,0.008445025693326684,0.0010186530933324815,0.007578451770724092,0.7227722772277227,21.3799991607666,-0.02577684613419603,-0.13010381784208155,0.0,Neutral news backdrop
2024-05-31,2024-05-30,BULL,Probabilistic bull regime | Neutral news backdrop,1.0,0.9896961265034909,0.009168867047260148,0.0011350064492488753,0.002665863608584034,0.6831683168316832,24.18000030517578,0.06794439888325916,0.5883205019901661,0.0,Neutral news backdrop
2024-06-07,2024-06-06,BULL,Probabilistic bull regime | policy heavy,0.8974630307115917,0.9934579703142078,0.005989128027227849,0.0005529016585645033,0.00818575456051038,0.700990099009901,16.799999237060547,0.0383963685148823,0.14210774195426246,0.02536969288408248,policy heavy
2024-06-14,2024-06-13,BULL,Probabilistic bull regime | Neutral news backdrop,1.0,0.9942789103665607,0.005203670481806708,0.0005174191516326389,0.05955883362015391,0.7742574257425743,13.489999771118164,0.005932659990466143,-0.17981495310414966,0.2897085441979035,Neutral news backdrop
2024-06-21,2024-06-20,BULL,Probabilistic bull regime | Neutral news backdrop,1.0,0.99462257786532,0.00492274309609074,0.0004546790385891645,0.052328246400913346,0.7881188118811882,13.350000381469727,0.02070543302384939,-0.08813158591935732,0.2550358789590889,Neutral news backdrop
2024-06-28,2024-06-27,BULL,Probabilistic bull regime | negative tone,1.0,0.9954098319065765,0.004234914633133196,0.00035525346029026655,0.001343348629308163,0.7702970297029703,14.149999618530273,0.022303904945116214,-0.052420232941208414,0.0,negative tone
2024-07-05,2024-07-04,BULL,Probabilistic bull regime | Neutral news backdrop,0.8509541242863466,0.9944871697403475,0.00503599438537655,0.00047683587427584556,0.09970488262889542,0.7920792079207921,12.859999656677246,0.02705799281287289,-0.05773018886242779,0.4904587571365335,Neutral news backdrop
2024-07-12,2024-07-11,BULL,"Probabilistic bull regime | policy heavy, conflict stress",0.824999408540065,0.9905969553690109,0.008335005076292406,0.0010680395546967222,0.1538459962241085,0.7900990099009901,14.0,-0.00344530568786151,-0.2258459770864426,0.7500059145993493,"policy heavy, conflict stress"
2024-07-19,2024-07-18,BULL,Probabilistic bull regime | attention shock,0.9,0.996585322457213,0.00318459057920336,0.0002300869635835928,0.0034237180909650784,0.7940594059405941,14.510000228881836,0.09320364854100929,0.436037881770753,0.0,attention shock
2024-07-26,2024-07-25,BULL,Probabilistic bull regime | attention shock,1.0,0.9952039417173635,0.0044483195024676465,0.00034773878016883616,0.0016503807454933469,0.7742574257425743,12.619999885559082,0.08283359304967725,0.3086126504298901,0.0,attention shock
2024-08-02,2024-08-01,BULL,"Probabilistic bull regime | policy heavy, conflict stress, negative tone",0.82437297750887,0.9909586389543767,0.008121811246193746,0.0009195497994295419,0.15515661339461478,0.7960396039603961,12.930000305175781,0.02960887238869389,-0.04190953657733397,0.7562702249113008,"policy heavy, conflict stress, negative tone"
2024-08-09,2024-08-08,BULL,Probabilistic bull regime | Neutral news backdrop,1.0,0.991962688178323,0.007299376560637515,0.00073793526103943,0.00220687156731911,0.7544554455445545,16.600000381469727,0.1110525560158426,0.626724620460773,0.0,Neutral news backdrop
2024-08-16,2024-08-14,BULL,Probabilistic bull regime | Neutral news backdrop,1.0,0.9884797880071087,0.01036985047540688,0.0011503615174846612,0.004101419779121716,0.7306930693069307,15.4399995803833,0.05488475220120969,0.21100873362112793,0.0,Neutral news backdrop
2024-08-23,2024-08-22,BULL,Probabilistic bull regime | conflict stress,0.8365570904476382,0.9878130061773188,0.010816252704280152,0.001370741118401113,0.12989741791634557,0.7841584158415842,13.0,0.031135529600451316,-0.035176774381616524,0.6344290955236185,conflict stress
2024-08-30,2024-08-29,BULL,Probabilistic bull regime | negative tone,1.0,0.9890347174219147,0.00974490227346804,0.001220380304617248,0.0029869026366086773,0.7683168316831683,13.789999961853027,-0.005792190322061998,-0.2528867328757345,0.0,negative tone
2024-09-06,2024-09-05,BULL,Probabilistic bull regime | policy heavy,1.0,0.9946467106687541,0.004930291791821346,0.00042299753942460865,0.003680654335211818,0.7623762376237624,14.210000038146973,0.10396955161297707,0.49287911326191924,0.0,policy heavy
2024-09-13,2024-09-12,BULL,Probabilistic bull regime | negative tone,0.891776379658186,0.9958629689625724,0.003844036378294194,0.0002929946591334734,0.01788056205515833,0.7445544554455445,13.180000305175781,0.08488705739396504,0.33548109585685476,0.0822362034181394,negative tone
2024-09-20,2024-09-19,BULL,"Probabilistic bull regime | policy heavy, conflict stress",1.0,0.9917355640845756,0.007495926931317617,0.0007685089841068425,0.14211099997917961,0.7306930693069307,12.470000267028809,0.0780061393558831,0.26517537477982894,0.692235394020874,"policy heavy, conflict stress"
2024-09-27,2024-09-26,BULL,Probabilistic bull regime | Neutral news backdrop,1.0,0.9954295102648725,0.004236355192476516,0.0003341345426510664,0.028465303131103077,0.7544554455445545,12.0,0.06624420078741887,0.1701640631964411,0.12911051247206884,Neutral news backdrop
2024-10-04,2024-10-03,BULL,Probabilistic bull regime | Neutral news backdrop,1.0,0.9929088148059898,0.006517385261297499,0.0005737999327126497,0.0026673099818417517,0.7128712871287128,13.170000076293945,0.07216532387999522,0.25004055776230855,0.0,Neutral news backdrop
2024-10-11,2024-10-10,BULL,Probabilistic bull regime | Neutral news backdrop,1.0,0.9916193809364172,0.007641967445008212,0.0007386516185745399,0.0024040993777391367,0.693069306930693,13.5,0.09367256435835994,0.41433233136503017,0.0,Neutral news backdrop
2024-10-18,2024-10-17,BULL,Probabilistic bull regime | Neutral news backdrop,0.9,0.9886265571938286,0.010286535463976478,0.0010869073421949523,0.003838840713838149,0.6732673267326733,13.390000343322754,0.08317317166989589,0.33969439490068964,0.0,Neutral news backdrop
2024-10-25,2024-10-24,BULL,Probabilistic bull regime | attention shock,0.8651935245877557,0.9751509179557086,0.02174322996996575,0.003105852074325574,0.081267975305366,0.5584158415841585,13.970000267028809,0.05156413709933967,0.14948192132708643,0.3480647541224432,attention shock
2024-11-01,2024-10-31,BULL,Probabilistic bull regime | Neutral news backdrop,1.0,0.9792584447513567,0.018320492545645457,0.002421062702997868,0.006480910648369858,0.5584158415841585,15.550000190734863,0.03352143811816247,0.08020215431346686,0.0,Neutral news backdrop
2024-11-08,2024-11-07,BULL,Probabilistic bull regime | Neutral news backdrop,1.0,0.9829852266263214,0.015153213288985267,0.001861560084693288,0.005452318535408508,0.5782178217821782,14.9399995803833,0.04574252945581733,0.13984413905892015,0.0,Neutral news backdrop
2024-11-22,2024-11-21,CHOP,Probabilistic mixed/chop regime | Neutral news backdrop,1.0,0.00281995799938689,0.024591203873917705,0.9725888381266954,0.44712059485665884,0.4,15.989999771118164,0.046590753961056636,0.18313389016047976,0.0,Neutral news backdrop
2024-11-29,2024-11-28,BULL,Probabilistic bull regime | Neutral news backdrop,1.0,0.9779923562372904,0.019260953316993137,0.0027466904457165028,0.4968630221322081,0.502970297029703,15.210000038146973,0.004683333290413014,-0.12583394776026144,0.26542288041733175,Neutral news backdrop
2024-12-06,2024-12-05,BULL,Probabilistic bull regime | policy heavy,0.8814301662312332,0.9908122493344833,0.008359935833582521,0.0008278148319341814,0.04491173253076062,0.5762376237623762,14.529999732971191,0.06299917691446205,0.23972186460508116,0.1856983376876682,policy heavy
2024-12-13,2024-12-12,BULL,Probabilistic bull regime | policy heavy,1.0,0.9938131557278724,0.005714894945486397,0.0004719493266413168,0.0026821665967788483,0.5762376237623762,13.1899995803833,0.10540649109359329,0.47186515485032454,0.0,policy heavy
2024-12-20,2024-12-19,BULL,Probabilistic bull regime | negative tone,1.0,0.9701101049670756,0.024832683339533274,0.005057211693391129,0.1548558443260871,0.5089108910891089,14.510000228881836,-0.03751756768613995,-0.4269481443906612,0.6860002506923273,negative tone
2024-12-27,2024-12-26,CHOP,Probabilistic mixed/chop regime | Neutral news backdrop,0.9,0.004583204994691644,0.03272553465441386,0.9626912603508945,0.4428654939163322,0.4376237623762376,14.039999961853027,0.0502673059391798,0.14599825272491138,0.0,Neutral news backdrop
2025-01-03,2025-01-02,BULL,Probabilistic bull regime | Neutral news backdrop,1.0,0.9814871644940433,0.016465220214271242,0.0020476152916854514,0.44371887193423665,0.4772277227722772,13.739999771118164,0.035402667588934865,0.036139731646446537,0.0,Neutral news backdrop
2025-01-10,2025-01-09,CHOP,"Probabilistic mixed/chop regime | policy heavy, conflict stress",0.8093649267187732,0.000906788517183345,0.016037941733416123,0.9830552697494005,0.6262938948219818,0.38811881188118813,14.65999984741211,0.002535104763119845,-0.15115781006381734,0.9063507328122672,"policy heavy, conflict stress"
2025-01-17,2025-01-16,CHOP,Probabilistic mixed/chop regime | attention shock,1.0,0.004190038868884361,0.02614595240859586,0.9696640087225199,0.012931273491369195,0.31683168316831684,15.470000267028809,0.11899744682071167,0.6419951654273792,0.0,attention shock
2025-01-24,2025-01-23,CHOP,Probabilistic mixed/chop regime | policy heavy,0.9,0.0033545800753869513,0.02384142330661057,0.9728039966180025,0.007523111244444077,0.2851485148514851,16.700000762939453,0.09124266755664782,0.4954660458960412,0.0,policy heavy
2025-01-31,2025-01-30,BEAR,"Probabilistic bear regime | attention shock, policy heavy, conflict stress",0.8441101902678814,0.0013761380357177329,0.01514773607974805,0.9834761258845343,0.12016208006441323,0.24356435643564356,17.389999389648438,0.09124823563497302,0.51539485810299,0.5588980973211863,"attention shock, policy heavy, conflict stress"
2025-02-07,2025-02-06,CHOP,Probabilistic mixed/chop regime | Neutral news backdrop,1.0,0.004197184703994216,0.029090415572759567,0.9667123997232462,0.015040633768729224,0.2851485148514851,14.180000305175781,0.0725997244756003,0.27866904717844115,0.0,Neutral news backdrop
2025-02-14,2025-02-13,BEAR,"Probabilistic bear regime | attention shock, policy heavy",0.8192252361636916,0.0008126122476777432,0.013771926889543734,0.9854154608627784,0.17304533546238615,0.18217821782178217,14.960000038146973,0.028631934234011905,0.01657690337360443,0.8077476383630838,"attention shock, policy heavy"
2025-02-21,2025-02-20,BEAR,Probabilistic bear regime | Neutral news backdrop,1.0,0.0017352139769203647,0.01787119879070118,0.9803935872323786,0.006528168482588335,0.1702970297029703,14.680000305175781,0.03245613649949682,0.03016733802563688,0.0,Neutral news backdrop
2025-02-28,2025-02-27,BEAR,Probabilistic bear regime | policy heavy,0.9,0.002008411929703163,0.0163601829766944,0.9816314050936024,0.004755358483523163,0.1405940594059406,13.3100004196167,0.09423667533989658,0.3950237745424127,0.0,policy heavy
2025-03-07,2025-03-06,BEAR,Probabilistic bear regime | conflict stress,0.8478322034018294,0.0007000138433557383,0.011212952383598465,0.9880870337730457,0.10976322211615265,0.1504950495049505,13.729999542236328,0.028615478186159483,-0.023017191700960837,0.5216779659817057,conflict stress
2025-03-21,2025-03-20,BEAR,Probabilistic bear regime | attention shock,0.9,0.005383260266694053,0.029803223871175902,0.96481351586213,0.018587031940824866,0.19207920792079208,12.600000381469727,0.0740354558622811,0.23772943746914688,0.0,attention shock
2025-03-28,2025-03-27,BEAR,Probabilistic bear regime | policy heavy,1.0,0.009084276533930307,0.03715739195560499,0.9537583315104646,0.016040021962942554,0.2316831683168317,13.300000190734863,0.128359598810176,0.6320564090033854,0.0,policy heavy
2025-04-04,2025-04-03,BEAR,Probabilistic bear regime | negative tone,0.8962974394346347,0.004901339105932629,0.03138996341010324,0.9637086974839641,0.020121314143198992,0.2396039603960396,13.600000381469727,0.042062121205385244,0.05858980228055,0.037025605653652684,negative tone
2025-04-11,2025-04-09,BEAR,Probabilistic bear regime | Neutral news backdrop,1.0,0.0013384113185133644,0.015881196095625928,0.9827803925858607,0.05681264286287444,0.1702970297029703,21.43000030517578,0.017448414115203828,0.16414223400625208,0.2225938816024523,Neutral news backdrop
2025-04-25,2025-04-24,CHOP,Probabilistic mixed/chop regime | attention shock,0.8825647368462682,0.9795039141419035,0.01770141353624192,0.0027946723218546052,0.4805222520622564,0.3485148514851485,16.25,0.014667006510511282,-0.033463889361529324,0.17435263153731734,attention shock
2025-05-02,2025-04-30,CHOP,Probabilistic mixed/chop regime | policy heavy,1.0,0.9847398143577045,0.013292413233511827,0.0019677724087835283,0.005801746707326293,0.3069306930693069,18.219999313354492,0.0774641732303441,0.4472249724991366,0.0,policy heavy
2025-05-09,2025-05-08,CHOP,Probabilistic mixed/chop regime | Neutral news backdrop,1.0,0.9820045489814421,0.015331502473166175,0.002663948545391918,0.0053627493321081274,0.27920792079207923,21.010000228881836,0.04674532159784168,0.3467797942705623,0.0,Neutral news backdrop
2025-05-16,2025-05-15,BULL,Probabilistic bull regime | Neutral news backdrop,1.0,0.9877441984963006,0.011045191844380811,0.0012106096593185222,0.0052761245142899735,0.41386138613861384,16.889999389648438,0.06359175565821015,0.3233091918109656,0.0,Neutral news backdrop
2025-05-23,2025-05-22,BULL,Probabilistic bull regime | Neutral news backdrop,1.0,0.9768768260024889,0.020300014698646267,0.0028231592988649332,0.0784266150753439,0.4534653465346535,17.260000228881836,0.030176762375342576,0.1138886569811457,0.34173515396926707,Neutral news backdrop
2025-05-30,2025-05-29,BULL,Probabilistic bull regime | Neutral news backdrop,1.0,0.9848007936337198,0.013622278334580105,0.0015769280317001456,0.006921012313649983,0.504950495049505,16.420000076293945,0.02970280954869435,0.0857918690580231,0.0,Neutral news backdrop
2025-06-06,2025-06-05,BULL,Probabilistic bull regime | Neutral news backdrop,1.0,0.9871836567758905,0.011582969408361702,0.0012333738157478066,0.0038822318219483027,0.5227722772277228,15.079999923706055,0.05341971857937919,0.19440084151674097,0.0,Neutral news backdrop
2025-06-13,2025-06-12,BULL,Probabilistic bull regime | Neutral news backdrop,1.0,0.968806328848587,0.026120586406436514,0.005073084744976406,0.12742799619404993,0.5544554455445545,14.020000457763672,-0.03950624323562729,-0.467666098602157,0.5595242372374274,Neutral news backdrop
2025-06-20,2025-06-19,BULL,"Probabilistic bull regime | conflict stress, negative tone",0.803535347095147,0.9567632440411113,0.035846872446564405,0.00738988351232408,0.2084740218673125,0.46534653465346537,14.260000228881836,-0.011536665058823222,-0.27195987433203905,0.9646465290485297,"conflict stress, negative tone"
2025-06-27,2025-06-26,BULL,Probabilistic bull regime | Neutral news backdrop,1.0,0.9909248626134755,0.00829773024932437,0.0007774071372001738,0.01734323726230876,0.5861386138613861,12.59000015258789,0.060001198609903404,0.14839284368604322,0.0,Neutral news backdrop
2025-07-04,2025-07-03,BULL,Probabilistic bull regime | Neutral news backdrop,1.0,0.9912928443065856,0.007975478851504259,0.0007316768419102438,0.0020533582689644665,0.5900990099009901,12.390000343322754,0.07135749308561457,0.22209802133862994,0.0,Neutral news backdrop
2025-07-11,2025-07-10,BULL,Probabilistic bull regime | Neutral news backdrop,1.0,0.9919272953668355,0.00741734521870756,0.000655359414456895,0.0020311157866367774,0.601980198019802,11.670000076293945,0.08734403374088393,0.3046977966785857,0.0,Neutral news backdrop
2025-07-18,2025-07-17,BULL,Probabilistic bull regime | Neutral news backdrop,1.0,0.9897744456394579,0.009284106166910847,0.0009414481936311367,0.043142092290750785,0.6534653465346535,11.239999771118164,0.041203786557650834,-0.015431824702038547,0.19969954701298115,Neutral news backdrop
2025-07-25,2025-07-24,BULL,Probabilistic bull regime | conflict stress,0.8136986832644841,0.9782018559518857,0.018831821149176305,0.0029663228989381036,0.18276319221984985,0.6376237623762376,10.720000267028809,0.008739807088656792,-0.2495493508131652,0.8630131673551591,conflict stress
2025-08-01,2025-07-31,BULL,Probabilistic bull regime | Neutral news backdrop,1.0,0.9858636587962839,0.012745300980055288,0.0013910402236606194,0.006553287565454612,0.5603960396039604,11.539999961853027,0.08246820407986333,0.2678625936566333,0.0,Neutral news backdrop
2025-08-08,2025-08-07,BULL,Probabilistic bull regime | Neutral news backdrop,1.0,0.979587195331127,0.01814822976588119,0.0022645749029916347,0.007359884473693512,0.5207920792079208,11.6899995803833,0.041349864011077604,-0.004552618201794721,0.0,Neutral news backdrop
2025-08-22,2025-08-21,BULL,Probabilistic bull regime | Neutral news backdrop,1.0,0.9852960007014987,0.013172560555679835,0.0015314387428213643,0.03364762317075415,0.5782178217821782,11.369999885559082,0.042523382612702824,-0.0034035881122813517,0.13915786572911187,Neutral news backdrop
2025-08-29,2025-08-28,BULL,Probabilistic bull regime | Neutral news backdrop,0.8496328543474476,0.9722117900832502,0.02415300255743414,0.0036352073593156134,0.11290686953852958,0.48316831683168315,12.180000305175781,0.03648939123210439,-0.021364844581344827,0.5036714565255231,Neutral news backdrop
2025-09-05,2025-09-04,BULL,Probabilistic bull regime | policy heavy,1.0,0.991950597464393,0.007379934011565772,0.0006694685240412966,0.010626237533443885,0.5405940594059406,10.850000381469727,0.13409234620146543,0.5832138376147692,0.0,policy heavy
2025-09-12,2025-09-11,BULL,Probabilistic bull regime | attention shock,1.0,0.993878835799527,0.005649076955198379,0.00047208724527482475,0.00218635753995984,0.5762376237623762,10.359999656677246,0.1459066760337556,0.6370768482704467,0.0,attention shock
2025-09-19,2025-09-18,BULL,Probabilistic bull regime | conflict stress,1.0,0.991671434678702,0.007595742105155914,0.0007328232161421374,0.09089157633679663,0.6514851485148515,9.890000343322754,0.05430865550418775,0.011354509032561216,0.440429840624687,conflict stress
2025-09-26,2025-09-25,BULL,Probabilistic bull regime | Neutral news backdrop,1.0,0.992167850080346,0.00717898600133756,0.0006531639183163076,0.0019204496983338953,0.5861386138613861,10.779999732971191,0.09485150859819311,0.3148788234574328,0.0,Neutral news backdrop
2025-10-03,2025-10-01,BULL,Probabilistic bull regime | policy heavy,0.9,0.9937632238688138,0.005776960813726674,0.00045981531745975946,0.0020572364945396124,0.5683168316831683,10.289999961853027,0.12941397381970235,0.5288957634362247,0.0,policy heavy
2025-10-10,2025-10-09,BULL,Probabilistic bull regime | attention shock,0.8941124721433259,0.9929727068307241,0.006481307751592893,0.0005459854176828114,0.013645444097880178,0.5881188118811881,10.119999885559082,0.08464822693074112,0.2286807066442899,0.05887527856674095,attention shock
2025-10-17,2025-10-16,BULL,Probabilistic bull regime | attention shock,1.0,0.9937151518346947,0.005811221796761782,0.0004736263685435601,0.0016857951585564754,0.6059405940594059,10.869999885559082,0.08542149368228953,0.25090246740737965,0.0,attention shock
2025-10-24,2025-10-23,BULL,Probabilistic bull regime | Neutral news backdrop,1.0,0.9935710272749176,0.0059129406086446835,0.0005160321164376008,0.0046909923771912354,0.6336633663366337,11.729999542236328,0.03745883397686043,-0.034824691316939306,0.016185676784937958,Neutral news backdrop
2025-10-31,2025-10-30,BULL,Probabilistic bull regime | Neutral news backdrop,1.0,0.9948623386957056,0.004758952318446086,0.0003787089858480737,0.0016843641973831036,0.6534653465346535,12.069999694824219,0.059432365975881835,0.12505154880154157,0.0,Neutral news backdrop
2025-11-07,2025-11-06,BULL,Probabilistic bull regime | Neutral news backdrop,1.0,0.9924539554862539,0.006941932497717568,0.0006041120160286323,0.0027138037502082778,0.5722772277227722,12.40999984741211,0.09177520614100126,0.35595276113717655,0.0,Neutral news backdrop
2025-11-14,2025-11-13,BULL,Probabilistic bull regime | Neutral news backdrop,1.0,0.9928018315842109,0.00662285411152852,0.0005753143042605632,0.0017112407880906122,0.5742574257425742,12.15999984741211,0.06558639906337187,0.17575032908807023,0.0,Neutral news backdrop
2025-11-21,2025-11-20,BULL,Probabilistic bull regime | Neutral news backdrop,1.0,0.9835712841924668,0.014434931846490275,0.00199378396104289,0.07892509666488114,0.5762376237623762,12.140000343322754,-0.003434582428468315,-0.2793847700715985,0.3554342519244053,Neutral news backdrop
2025-11-28,2025-11-27,BULL,Probabilistic bull regime | Neutral news backdrop,0.8697193177136822,0.9833537535727231,0.014885472605269168,0.0017607738220076108,0.06444551196394316,0.5366336633663367,11.789999961853027,0.03981721092166,-0.012114175986747914,0.3028068228631789,Neutral news backdrop
2025-12-05,2025-12-04,BULL,Probabilistic bull regime | policy heavy,0.86759163899176,0.9898989955574572,0.009204945393353002,0.0008960590491896884,0.069961493607957,0.5128712871287129,10.819999694824219,0.10282931392117549,0.37610358061614846,0.3240836100824009,policy heavy
2025-12-12,2025-12-11,BULL,Probabilistic bull regime | Neutral news backdrop,1.0,0.981990520286958,0.016136086204110837,0.0018733935089311896,0.011051541682027918,0.46534653465346537,10.399999618530273,0.03614892701731309,-0.07906420293249647,0.017580765829542995,Neutral news backdrop
2025-12-19,2025-12-18,BULL,Probabilistic bull regime | Neutral news backdrop,1.0,0.982462936257698,0.015827181167852655,0.0017098825744494188,0.004061976450183266,0.45544554455445546,9.710000038146973,0.0686610961608754,0.10977128233773095,0.0,Neutral news backdrop
2025-12-26,2025-12-24,BULL,"Probabilistic bull regime | policy heavy, negative tone",0.9,0.9880613694131881,0.010898667255657852,0.0010399633311539511,0.005115013703563762,0.4871287128712871,9.1899995803833,0.09906134209727221,0.29664078673587857,0.0,"policy heavy, negative tone"
2026-01-02,2026-01-01,BULL,Probabilistic bull regime | policy heavy,0.9,0.98489594414294,0.01351387672159893,0.0015901791354611162,0.004763288370115897,0.4871287128712871,,0.08196656153824106,0.5462820989024137,0.0,policy heavy
2026-01-09,2026-01-08,BULL,Probabilistic bull regime | attention shock,1.0,0.9875273679408615,0.011366142749851281,0.0011064893092872837,0.003899964982749817,0.4415841584158416,10.600000381469727,0.09385082761214845,0.30802341515740894,0.0,attention shock
2026-01-16,2026-01-14,BULL,Probabilistic bull regime | policy heavy,1.0,0.9847276802238024,0.013757748809307774,0.001514570966889844,0.004617237621294075,0.401980198019802,11.319999694824219,0.10372429780179199,0.3949865190780867,0.0,policy heavy
2026-01-23,2026-01-22,CHOP,Probabilistic mixed/chop regime | attention shock,0.9,0.975798569845224,0.02090205661682278,0.003299373537953284,0.009518260408906172,0.3306930693069307,13.350000381469727,0.1125519871256739,0.5217815388274889,0.0,attention shock
2026-01-30,2026-01-29,CHOP,Probabilistic mixed/chop regime | attention shock,0.9,0.977869156715863,0.019277275872589757,0.0028535674115472472,0.005928646230924435,0.3346534653465347,13.369999885559082,0.06132551441672597,0.16608266670846314,0.0,attention shock
2026-02-06,2026-02-05,CHOP,Probabilistic mixed/chop regime | conflict stress,1.0,0.9630512718283929,0.030893520919915256,0.006055207251691815,0.13460752534110135,0.3821782178217822,12.170000076293945,0.002245819857701184,-0.2573325661565413,0.5966934502854,conflict stress
2026-02-13,2026-02-12,BULL,Probabilistic bull regime | Neutral news backdrop,1.0,0.986345644540705,0.01237236495209069,0.001281990507204408,0.013469736913840308,0.4316831683168317,11.729999542236328,0.05200442968986063,0.058425965367925624,0.0,Neutral news backdrop
2026-02-20,2026-02-19,CHOP,Probabilistic mixed/chop regime | Neutral news backdrop,1.0,0.9853168415410873,0.01308924844955792,0.0015939100093547822,0.0037183750434814197,0.3801980198019802,13.460000038146973,0.038307191575927955,0.036438450979433726,0.0,Neutral news backdrop
2026-02-27,2026-02-26,BULL,Probabilistic bull regime | Neutral news backdrop,1.0,0.9893930357006205,0.009659818419341907,0.0009471458800374013,0.004145109407673358,0.4158415841584158,13.0600004196167,0.11080350081861552,0.510312741331417,0.0,Neutral news backdrop
2026-03-06,2026-03-05,CHOP,Probabilistic mixed/chop regime | Neutral news backdrop,1.0,0.0013875670386271205,0.015794360998838183,0.9828180719625346,0.4483163599131156,0.3287128712871287,17.860000610351562,0.020472572440098542,0.06207170749633953,0.0,Neutral news backdrop
2026-03-13,2026-03-12,CHOP,Probabilistic mixed/chop regime | conflict stress,0.8494893034369164,0.00033400167212299425,0.007387663758390858,0.9922783345694861,0.10688964471982258,0.299009900990099,21.520000457763672,-0.05733295694645331,-0.3311948598050902,0.5051069656308351,conflict stress
2026-03-20,2026-03-19,BEAR,Probabilistic bear regime | Neutral news backdrop,1.0,0.000667071507462754,0.00906029186842242,0.9902726366241147,0.031888567711334706,0.2297029702970297,22.799999237060547,0.015818694202030817,0.20676637313172488,0.14453558329623992,Neutral news backdrop
2026-03-27,2026-03-25,CHOP,Probabilistic mixed/chop regime | Neutral news backdrop,1.0,0.0012103513321302334,0.011093837059808546,0.9876958116080613,0.0038624792020378546,0.25742574257425743,24.639999389648438,0.05472546193369806,0.5359261816002309,0.0,Neutral news backdrop
2026-04-10,2026-04-09,CHOP,Probabilistic mixed/chop regime | attention shock,0.9,0.003137351557879227,0.02355350303648018,0.9733091454056406,0.012439641021537011,0.32475247524752476,20.43000030517578,0.05140319730712309,0.36521425243401323,0.0,attention shock
2026-04-17,2026-04-16,CHOP,Probabilistic mixed/chop regime | Neutral news backdrop,1.0,0.006718729304872135,0.038747227546633005,0.9545340431484949,0.01888573324699104,0.4,18.09000015258789,0.07613965401048153,0.4478329532622538,0.0,Neutral news backdrop
2026-04-24,2026-04-23,CHOP,Probabilistic mixed/chop regime | policy heavy,1.0,0.008546188546468894,0.041506433211189735,0.9499473782423413,0.01378376126859461,0.4495049504950495,18.59000015258789,0.09687989261247906,0.5957416107178004,0.0,policy heavy
2026-05-08,2026-05-07,CHOP,Probabilistic mixed/chop regime | Neutral news backdrop,1.0,0.008478500319555755,0.043188072584648164,0.9483334270957962,0.033695295607796404,0.5346534653465347,16.6200008392334,0.020935664209003564,0.027641985181627686,0.10454771622494105,Neutral news backdrop
2026-05-15,2026-05-14,CHOP,Probabilistic mixed/chop regime | Neutral news backdrop,1.0,0.003583087488316468,0.027861550712079623,0.9685553617996039,0.01610541575445602,0.4495049504950495,18.610000610351562,0.030755906424508005,0.15967604612560754,0.0,Neutral news backdrop
2026-05-22,2026-05-21,CHOP,Probabilistic mixed/chop regime | Neutral news backdrop,1.0,0.003914999275435058,0.02914762620759718,0.9669373745169678,0.008123619228879692,0.4495049504950495,17.81999969482422,0.040941578182790074,0.20331737172786957,0.0,Neutral news backdrop
