date,market_state,regime_confidence,p_bull,p_chop,p_bear,transition_risk,breadth,vix,macro_score,news_bias,suppression_score,portfolio_return,gross_exposure,net_exposure
2019-12-06,CHOP,1.0,0.9684222923071977,0.025655391630999936,0.005922316061802455,0.013125008314111685,0.18697385910500663,14.3100004196167,0.03792690639593434,0.0,0.0,-0.00436308610145765,1.0,0.7483198581073734
2019-12-13,CHOP,0.8558314350708012,0.9487517102098055,0.03777302981254353,0.01347525997765079,0.11013360175579301,0.16393442622950818,13.350000381469727,-0.013719157886816602,-0.37947544085923857,0.4416856492919877,0.002360420455658481,1.0,0.7558424071633999
2019-12-20,CHOP,1.0,0.9628207685171816,0.029008421367852793,0.008170810114965532,0.10949711521516829,0.18298626495347806,12.119999885559082,0.010766911883305471,-0.15854961001496293,0.4704801532864614,0.008122167201351652,0.9999999999999999,0.731698132645039
2019-12-27,CHOP,0.8621811093784684,0.9740198087528842,0.021700782051431694,0.004279409195684162,0.0867292694376895,0.19184758529020823,11.119999885559082,1.7072042851542069,0.07771161794812176,0.3781889062153168,0.019365013344619278,1.0,0.7592234846192344
2020-01-03,CHOP,0.9,0.9856624882587576,0.012544311091755368,0.0017932006494871277,0.00846534825578894,0.2410279131590607,11.489999771118164,1.7314102156045676,0.2559272700322069,0.0,0.006246534938898925,1.0,0.7542907882281967
2020-01-10,CHOP,0.7902991022707679,0.9656458586673046,0.02753141274342314,0.006822728589272235,0.21724285730054738,0.24900310146211785,14.0,1.6009087029282274,-0.5087082908493787,1.0,0.031027502834149248,0.6846337114841344,0.6846337114841344
2020-01-17,CHOP,0.9,0.9840661876631152,0.01415930643120413,0.0017745059056807715,0.011830811696627856,0.3225520602569783,14.180000305175781,1.6998971656920225,0.14812405743013818,0.0,-0.004151891329817803,1.0,0.7435928043016738
2020-01-24,CHOP,1.0,0.9520183435879648,0.03850516986022187,0.009476486551813147,0.1135525909904545,0.3212228622064688,15.859999656677246,0.0056750317924284255,-0.1545565642268301,0.43819716281933613,-0.006888607162146701,1.0,0.75
2020-01-31,CHOP,0.8362583901693349,0.9334074474257296,0.05108982324107107,0.015502729333199511,0.15227717931583018,0.3043863535666814,16.799999237060547,0.0008540782910705612,-0.15969009437332327,0.6374160983066512,0.011556945763130254,0.7328516050393028,0.7328516050393028
2020-02-07,CHOP,0.9,0.9696485982431831,0.02551016651930157,0.00484123523751519,0.023347045266720583,0.28932210899424016,13.779999732971191,0.050761521002675725,0.05049073571963523,0.0,-0.007214240131331944,1.0,0.75
2020-02-14,CHOP,1.0,0.9733393974594777,0.022523039361711895,0.004137563178810365,0.00782049279119908,0.27558706247230835,13.369999885559082,0.08178951144339427,0.23911703113372332,0.0,-0.054265125593289526,1.0,0.7623077323776117
2020-02-28,BEAR,0.9,0.0008180232355430157,0.011273120248897412,0.9879088565155595,0.4452789153455338,0.22463447053610988,17.770000457763672,0.00930999779316491,-0.06411226790784141,0.0,-0.03847381661198297,0.6777345819188375,0.3782654180811627
2020-03-06,BEAR,0.9,0.0005626437591891703,0.007651733608491405,0.9917856226323194,0.0034999489779158934,0.17323881258307489,23.25,0.018575808818840037,0.19416945028331437,0.0,-0.06037276472065953,0.6697486909954292,0.3817486909954292
2020-03-13,BEAR,0.9,0.00010501459457168938,0.0022437447887897473,0.9976512406166387,0.003130282888530246,0.08506867523260966,41.15999984741211,-0.09547196196714038,0.253992026778327,0.0,-0.01996638632061711,0.49192923418527557,0.24712923418527558
2020-03-20,BEAR,1.0,5.326924454500223e-05,0.0015467607079984681,0.9983999700474564,0.000667588083285742,0.03943287549844927,72.19999694824219,-0.3702033045720374,-0.13887770599600646,0.0,-0.0047504507105284605,0.5125944399370568,0.2575944399370567
2020-03-27,BEAR,0.9,9.055223152100904e-05,0.0018302064690820829,0.998079241299397,0.0005465901230515955,0.03677447939743022,71.52999877929688,-0.2455519548962286,0.6489333343810311,0.0,-0.001047676577023463,0.48950212046837643,0.24470212046837644
2020-04-03,BEAR,1.0,7.142250226946075e-05,0.001828530587386446,0.9981000469103442,0.00040363764331129224,0.04031900753212229,60.04999923706055,-0.25101935452618307,0.0979828733514107,0.0,0.03889697672144949,0.510369904761939,0.25536990476193905
2020-04-17,BEAR,0.9,0.0001649019573007964,0.0029466478427540303,0.9968884501999451,0.0012005088711506827,0.08329641116526362,46.099998474121094,-0.12037384949790003,0.31370534531602384,0.0,0.005544411227542812,0.5135907272513863,0.2654894749259238
2020-04-24,BEAR,0.7791921807457068,7.339523974557571e-05,0.0026510432080452313,0.9972755615522092,0.20073376684602612,0.10013291980505096,39.22999954223633,-0.17059155315851593,-0.33819150333916204,1.0,0.019077504712654167,0.3729786669791404,0.3729786669791404
2020-05-08,BEAR,1.0,0.00032483325612554635,0.004574713122086217,0.9951004536217883,0.0020236744955568478,0.09392999556933983,39.93000030517578,-0.07358188345213426,0.4048001584126696,0.0,-0.0043753428154012924,0.5463534236617056,0.27318570209060544
2020-05-15,BEAR,0.8760496278510734,0.00015417516977532034,0.0035027193032631226,0.9963431055269615,0.049222151583743885,0.09614532565352238,38.18000030517578,-0.13683840864374683,-0.1003036436072911,0.2395037214892658,0.021178065941959996,0.5183212456940531,0.2517284774491626
2020-05-22,BEAR,0.9,0.0003459951603412718,0.005229170384734896,0.9944248344549239,0.002047454123500416,0.10544971200708905,32.9900016784668,-0.05619986639583122,0.22017049962671487,0.0,-0.012787115106030403,0.53064,0.26136
2020-05-29,BEAR,0.8654908364194033,0.00034358439843659266,0.005628504408016882,0.9940279111935465,0.07046116211264844,0.11165263624280018,30.020000457763672,-0.028318825294675165,0.28061317218349646,0.34509163580596747,0.010419785376408749,0.5175549690722827,0.2521468972260256
2020-06-05,BEAR,1.0,0.00044901357243862813,0.00784391041423264,0.9917070760133289,0.024341490611616372,0.16393442622950818,29.690000534057617,-0.1078584542725262,-0.2660429584129498,0.10774363634348219,-0.012317818997401118,0.5527500000000001,0.2722500000000001
2020-06-12,BEAR,1.0,0.0002770723606195404,0.006960436871496023,0.9927624907678845,0.16963595351231708,0.20381036774479397,29.65999984741211,-0.086784328964662,-0.14479068839105194,0.8382905027711,0.02020953374383339,0.4105626973704536,0.4105626973704536
2020-06-19,BEAR,0.9,0.0008696171583944262,0.010832323668531988,0.9882980591730736,0.004523305814729064,0.23482498892334958,31.459999084472656,-0.053254013190554506,0.16157791661742638,0.0,0.007912672655277918,0.5284840122848826,0.26351598771511753
2020-06-26,BEAR,1.0,0.0014466951812556524,0.014087958105178114,0.9844653467135662,0.005120990300316184,0.2955250332299513,29.729999542236328,-0.010330537266158873,0.360283571424988,0.0,0.005959673581897819,0.5493191463083041,0.275680853691696
2020-07-03,CHOP,0.8777429652365952,0.0010494601233110266,0.013926078153984885,0.985024461722704,0.04797067096104299,0.29862649534780683,26.510000228881836,-0.02629336524510162,0.09110098986762538,0.22257034763404787,-0.026765464755477697,0.6656716284924958,0.4433526612428742
2020-07-10,CHOP,0.889078414679504,0.00148037079851285,0.017969361587669232,0.9805502676138179,0.028042578626929666,0.32653965440850685,24.90999984741211,-0.03136381921704767,-0.005351627253792818,0.10921585320495966,0.0008784685528080969,0.8015358081249737,0.57815697635244
2020-07-17,CHOP,1.0,0.0021182270415093635,0.017878266005698175,0.9800035069527924,0.004709979327091843,0.29375276916260523,25.360000610351562,0.03605164400965815,0.4581928417481197,0.0,0.01058506454464883,0.8387500000000002,0.6050000000000002
2020-07-24,CHOP,1.0,0.9781746261436308,0.01821203222123728,0.0036133416351320415,0.4444633174912475,0.3260965883916704,24.639999389648438,0.03743394269052901,0.43047565530332027,0.0,-0.015253483376244827,0.836389180112926,0.6073608198870746
2020-07-31,CHOP,0.8560720376901592,0.9413751102573256,0.04361848336117675,0.015006406381497722,0.11914196599335355,0.2981834293309703,24.729999542236328,-0.04783701601144737,-0.14705837109059983,0.43927962309840884,0.05611789282731485,0.7804488624848653,0.5801827392812018
2020-08-07,CHOP,1.0,0.9703392110354322,0.0248275315624986,0.004833257402069048,0.019932654623475404,0.34116083296411165,23.149999618530273,0.01988100405710801,0.2470021880638142,0.0,0.06437061167758848,1.0,0.7586371389409923
2020-08-14,BULL,0.8707910955038918,0.9713744622288703,0.024625252454839243,0.004000285316290449,0.0654088366467477,0.40894993354009745,20.56999969482422,0.00967344403942929,0.10273516183672095,0.2920890449610827,0.019302547640033373,1.0,1.0
2020-08-21,BULL,0.9,0.9733699419487815,0.0232409273615175,0.003389130689701095,0.006901803622143957,0.4700930438635357,20.6200008392334,0.005381785356537472,0.07452338885607411,0.0,0.0420676108267641,1.0,1.0
2020-08-28,BULL,0.8687195225741597,0.9779012475851889,0.019321697233257187,0.00277705518155384,0.06957520390733693,0.5210456357997342,18.899999618530273,0.004546049854085903,0.023470555511606858,0.31280477425840286,-0.057074965086123884,1.0000000000000002,1.0000000000000002
2020-09-04,BULL,0.815309772200256,0.9546937894030241,0.037500660629680084,0.007805549967295787,0.1904461638943164,0.47540983606557374,20.5,-0.021148221596818104,-0.08910853287729965,0.8469022779974394,0.0007690964964571513,0.8363777476371789,0.8363777476371789
2020-09-11,BULL,1.0,0.9800736417082484,0.017661185311719063,0.002265172980032615,0.015859239791707756,0.43819229065130705,21.260000228881836,0.061744055462029955,0.47325572220584916,0.0,0.09306981548485067,1.0,1.0
2020-09-18,BULL,1.0,0.9826660733423047,0.015103485796322738,0.0022304408613726735,0.005079467739138927,0.4700930438635357,20.100000381469727,0.08674137516701197,0.6008754279706474,0.0,-0.03097537995519757,1.0,1.0
2020-09-25,CHOP,0.8043119829002936,0.8889041306007186,0.07407226505265456,0.037023604346627007,0.2631928031823083,0.35578201151971645,23.510000228881836,-0.0543877036243625,-0.20776872344657693,0.9568801709970645,0.06368409041331465,0.7535010728550217,0.7535010728550217
2020-10-09,BULL,1.0,0.983920878575282,0.014307714917774557,0.0017714065069435322,0.04632764217488585,0.42844483828090385,20.3799991607666,0.022125755977528565,0.1774853558599626,0.0,0.004360847148753275,1.0,1.0
2020-10-16,CHOP,1.0,0.966521029936966,0.02802030918690694,0.005458660876127036,0.015617458075074383,0.38591050066459903,22.059999465942383,-0.04202439447346219,-0.17753343684092157,0.0,0.02537746913650701,1.0,0.7671604005053808
2020-10-23,BULL,0.8976747342176608,0.9858535071807416,0.012550303409092025,0.0015961894101663209,0.01649868277026252,0.42357111209570225,22.639999389648438,0.0340581411029389,0.3692738260185128,0.02325265782339267,-0.004295614997306483,0.9999999999999999,0.9999999999999999
2020-10-30,BULL,1.0,0.9820035377546028,0.01563613627831988,0.002360325967077284,0.005803843884257353,0.4142667257421356,24.020000457763672,0.03180357380436295,0.4156936151887965,0.0,0.021490599657285676,1.0,1.0
2020-11-06,BULL,0.8379945993616111,0.9712485340466699,0.024704312972778888,0.004047152980551345,0.13541027673212394,0.43686309260079753,20.969999313354492,0.017043309537024223,0.15805355802138057,0.620054006383889,0.002159604150687179,0.8953351922446764,0.8953351922446764
2020-11-13,BULL,0.833890391339252,0.9791048446705658,0.01811279341470244,0.002782361914731888,0.14049006055108232,0.47452370403190075,20.6200008392334,-0.0026363690651553503,0.03505713513257558,0.6610960866074796,0.09321781880072148,0.8681657060294818,0.8681657060294818
2020-11-20,BULL,0.863222316302811,0.9828192689554758,0.014975285147214037,0.0022054458973101293,0.07910409371095431,0.5316792202038104,19.56999969482422,-0.020862654174063314,-0.14712055422129605,0.36777683697188956,0.018792659176418598,1.0,1.0
2020-11-27,BULL,1.0,0.9927965247698604,0.006576807148747604,0.0006266680813921109,0.006055793778779383,0.5684536996012406,20.020000457763672,0.06498748909513871,0.4558844065421607,0.0,0.05498262291997296,1.0,1.0
2020-12-04,BULL,1.0,0.9908061257988976,0.008307993346965272,0.0008858808541371043,0.0029116305479811202,0.6038989809481613,19.0,0.005076085102221356,0.008534854261734143,0.0,0.006863781220191933,0.9999999999999999,0.9999999999999999
2020-12-11,BULL,0.8844303374053705,0.988870256685781,0.009984437097031892,0.0011453062171872367,0.03446547619644289,0.6300398759415153,18.709999084472656,0.010073376151603164,0.011648321964079111,0.15569662594629569,0.014563865809100617,1.0,1.0
2020-12-18,BULL,0.885842449569238,0.9877840677697681,0.010865415761093613,0.0013505164691382475,0.03151717561360384,0.6397873283119184,19.15999984741211,-0.008526800114357145,-0.07991963702602947,0.14157550430762034,0.04400550682241015,1.0,1.0
2021-01-01,BULL,0.8503669349259819,0.9879484485807593,0.01072636450264262,0.0013251869165981475,0.10201544918014979,0.638458130261409,21.100000381469727,0.0490542261164005,0.370540881108796,0.49633065074018007,0.028932019890928373,1.0,1.0
2021-01-08,BULL,1.0,0.9851752596218505,0.01313719228410716,0.0016875480940422571,0.018130803653769158,0.6415595923792645,20.6200008392334,-0.007498736503625033,-0.008695163518852647,0.06790205463910942,-0.01267025613259685,1.0,1.0
2021-01-15,BULL,1.0,0.9917111602077252,0.0074731765507699745,0.0008156632415048814,0.004762055870399515,0.6389011962782455,23.030000686645508,0.06207048749722692,0.5764033179477449,0.0,-0.027789323562206147,0.9999999999999999,0.9999999999999999
2021-01-22,BULL,1.0,0.9903574816366157,0.008684389037454898,0.0009581293259293846,0.002729284894861986,0.6287106778910058,22.18000030517578,0.03572777322209034,0.35861922484246556,0.0,-0.046730836916142715,1.0,1.0
2021-01-29,BULL,1.0,0.9560572016586589,0.03328252396694415,0.010660274374396882,0.13436400874227072,0.6043420469649978,24.290000915527344,-0.05623344910589974,-0.16126281993132377,0.540041341045213,0.12771219201129014,1.0000000000000002,1.0000000000000002
2021-02-05,BULL,0.9,0.9840670910058922,0.013946599416217884,0.0019863095778899784,0.016188293920654517,0.614975631369074,23.1200008392334,-0.020845352239635843,0.021927184793913118,0.0,0.05833211526759425,1.0,1.0
2021-02-12,BULL,1.0,0.9853763601971816,0.012893642945981961,0.0017299968568365545,0.007801378150171485,0.6038989809481613,23.049999237060547,0.011757301947498675,0.22630446557672435,0.019707398410801415,0.04461619753155269,1.0,1.0
2021-02-19,BULL,0.9,0.9844957765213707,0.013740959669124893,0.0017632638095045697,0.0038497601117416904,0.6038989809481613,21.540000915527344,0.0002316259569588794,0.08802874792624316,0.0,0.02925382585108033,1.0,1.0
2021-02-26,BULL,0.8537167936262333,0.981887303410866,0.015382649844225361,0.0027300467449086064,0.09790877431406896,0.5968099246787771,22.889999389648438,-0.060101090143564684,-0.2304338144812461,0.46283206373766694,0.05997584698572999,1.0,1.0
2021-03-05,BULL,1.0,0.9870575148714105,0.011422167919208743,0.0015203172093806697,0.005219155624839048,0.6118741692512184,24.149999618530273,0.05615554078499454,0.5947777961627335,0.0,0.00830096613288017,0.9714820432764144,0.9714820432764144
2021-03-12,BULL,0.8085267963111309,0.9547249400285734,0.036004580787467724,0.009270479183958647,0.20840517388809182,0.6007975188303057,20.75,-0.08216084002379496,-0.4790482524013483,0.9147320368886905,-0.09416428975057989,0.8878851602354247,0.8878851602354247
2021-03-19,BULL,1.0,0.9807971306676432,0.016602554039910462,0.0026003152924463533,0.016093122712541968,0.560035445281347,20.079999923706055,0.05082466343098374,0.3793091977195729,0.0,0.00537744529531989,0.9999999999999999,0.9999999999999999
2021-03-26,BULL,1.0,0.9659626980637392,0.02761194990346081,0.006425352032800059,0.014768025465568956,0.5152857775808596,22.700000762939453,-0.03099216581219292,-0.06366116823048333,0.0,0.0731116627210534,1.0,1.0
2021-04-09,BULL,1.0,0.9790473492837906,0.017926930280030808,0.0030257204361787264,0.010683767279500739,0.5556047851129818,20.309999465942383,0.005356556176084774,0.04841559283525679,0.0,-0.014985365132316708,1.0,1.0
2021-04-16,BULL,0.8517099718072354,0.9674687221054764,0.026861095706617412,0.005670182187906143,0.10943073063225656,0.5210456357997342,20.889999389648438,0.013559878624864153,0.12065938024226014,0.48290028192764634,0.008625491453987727,1.0,1.0
2021-04-23,BULL,1.0,0.9774536335849384,0.01886599071109036,0.003680375703971118,0.009738558589564471,0.5161719096145325,23.030000686645508,0.023137571520635274,0.27143747784402295,0.0,0.03807703584186383,1.0,1.0
2021-04-30,BULL,1.0,0.9874561617240535,0.010771105130113848,0.0017727331458326362,0.007364451946957585,0.5431989366415596,23.309999465942383,0.050535797912285005,0.47785500105436945,0.0,0.09369667223656959,1.0,1.0
2021-05-07,BULL,1.0,0.9822733932677715,0.015099224121178647,0.0026273826110499643,0.006403043673982616,0.5582631812140009,22.040000915527344,0.012677986072898396,0.16535748734084713,0.0,0.030721721389155212,1.0,1.0
2021-05-14,BULL,0.8250120646533466,0.9735023486954978,0.02178021064856963,0.00471744065593245,0.16016585914291678,0.5817456801063359,20.079999923706055,-0.017869584224023363,-0.11625417158192888,0.7498793534665336,-0.030340732282206653,0.8434300267983657,0.8434300267983657
2021-05-21,BULL,0.8774268002539689,0.9870661950436929,0.011495194415840343,0.0014386105404669029,0.0541246134481048,0.6012405848471423,,0.009297764343912022,0.06594905202715368,0.2257319974603113,0.020039141880019266,1.0,1.0
2021-05-28,BULL,1.0,0.9864236977910471,0.012032932997530938,0.0015433692114218403,0.07771376018934543,0.6238369517058041,19.90999984741211,0.005714472506556698,0.029055074077125917,0.3720035107078997,0.05217193152979638,0.9999999999999999,0.9999999999999999
2021-06-04,BULL,1.0,0.993487818187194,0.005977941649063185,0.0005342401637427231,0.004588138573575838,0.6318121400088613,15.75,0.045341792653727585,0.10915229550710859,0.0,0.09221020889839761,1.0,1.0
2021-06-11,BULL,1.0,0.9953031306207576,0.004358007592475607,0.0003388617867666211,0.0018240368283054516,0.6459902525476297,15.0,0.11215978760102818,0.5023856967152787,0.0,-0.015507486889129186,1.0,1.0
2021-06-18,BULL,0.7992514056473377,0.9803008503869207,0.016638572340481758,0.003060577272597485,0.211302971482362,0.6446610544971201,15.289999961853027,-0.03366419471163756,-0.44331841534955063,1.0,0.008256842400349013,0.8405921624013016,0.8405921624013016
2021-06-25,BULL,1.0,0.9923509160127678,0.007006259296335257,0.0006428246908969469,0.007080911267257005,0.642002658396101,15.100000381469727,0.06092802172451846,0.1805761082411671,0.0,0.04776356707373705,1.0,1.0
2021-07-02,BULL,1.0,0.9911486575764857,0.008103629151789509,0.0007477132717248031,0.0024608274353747645,0.642888790429774,12.84000015258789,0.07374217059210439,0.16793665792696366,0.0,0.02404465260600488,1.0,1.0
2021-07-09,BULL,0.8861276098539161,0.9862780253213582,0.012205205677498387,0.0015167690011435038,0.03298431354293208,0.6446610544971201,13.5600004196167,0.009731611478193215,-0.22904164362307333,0.13872390146083813,0.05035041764789201,1.0,1.0
2021-07-16,BULL,1.0,0.9924249167263642,0.006969388148800799,0.0006056951248348551,0.004402256811946887,0.6490917146654852,12.270000457763672,0.08937476920922333,0.2381258677233694,0.0,-0.0007480572055527773,1.0,1.0
2021-07-23,BULL,1.0,0.9912441122763814,0.008001791944623428,0.0007540957789950475,0.0024333587030150013,0.6468763845813026,11.890000343322754,0.11848025501032103,0.41557358658956206,0.0,-0.012633693671061852,0.9999999999999999,0.9999999999999999
2021-07-30,BULL,1.0,0.9876316379197985,0.011166378163253478,0.0012019839169481804,0.004339682659892319,0.6380150642445724,12.949999809265137,0.06617169676186649,0.11568381438337788,0.0,0.012912354475159161,1.0000000000000002,1.0000000000000002
2021-08-06,BULL,1.0,0.9932771013050371,0.006201707496492778,0.0005211911984699047,0.0039892765020440295,0.6295968099246788,12.869999885559082,0.10566926041418817,0.380243192975346,0.0,-0.003199793538686002,1.0,1.0
2021-08-13,BULL,1.0,0.9925392172672213,0.006861781308724706,0.0005990014240539257,0.0019440046483836732,0.615861763402747,12.369999885559082,0.07292323240118083,0.15215694961802761,0.0,-0.04645542177998719,1.0,1.0
2021-08-20,BULL,1.0,0.9918993448730435,0.007370791742054559,0.0007298633849017074,0.0020540462797515816,0.590607000443066,12.90999984741211,0.023201549555046292,-0.15208505146475915,0.0,-0.0006040418155272496,1.0,1.0
2021-08-27,BULL,1.0,0.9918566193098972,0.007445725067018102,0.0006976556230846937,0.0018019272588710381,0.5693398316349136,13.539999961853027,0.03831680121125425,-0.02247346585389054,0.0,0.03151786393147022,1.0,1.0
2021-09-03,BULL,0.8945563322625798,0.9919246117548347,0.007365380763807199,0.0007100074813580954,0.012680569556590006,0.590607000443066,14.239999771118164,0.03136130524596181,-0.034713777567618107,0.05443667737420213,0.05664023785972829,0.9999999999999999,0.9999999999999999
2021-09-17,BULL,1.0,0.9929129999908728,0.006483835909875987,0.000603164099251329,0.00198280752789282,0.6083296411165263,14.40999984741211,0.029001502053039266,-0.05039418844561759,0.0,0.011939304484179626,1.0,1.0
2021-09-24,BULL,0.8248349606123991,0.9865552048790265,0.011838477631793286,0.001606317489180309,0.15620130909756333,0.5959237926451041,16.600000381469727,0.00692439160153634,-0.10075419559167706,0.7516503938760086,0.004372822773323436,0.9061998808122347,0.9061998808122347
2021-10-01,BULL,1.0,0.9841331820281191,0.013974339787368934,0.0018924781845119987,0.060980742564288384,0.5928223305272485,18.399999618530273,-0.0054178971283294535,-0.08800404242711257,0.28169486525050735,0.061016071192233574,1.0,1.0
2021-10-08,BULL,1.0,0.9898901791512835,0.00917002823103308,0.0009397926176833772,0.004800571398703987,0.615861763402747,16.15999984741211,0.03880480566874625,0.10785067148571442,0.0,-0.013357020272446014,1.0,1.0
2021-10-22,BULL,0.8826708701575694,0.9891812452166776,0.009765938725422528,0.0010528160579000073,0.03735159412367828,0.5857332742578644,18.040000915527344,0.06390928304967083,0.3632650816762206,0.1732912984243055,-0.02748540398675419,0.9999999999999999,0.9999999999999999
2021-10-29,BULL,1.0,0.9868474955263395,0.011864679051497426,0.0012878254221629771,0.003938253339816773,0.5533894550287993,17.90999984741211,0.087242417803167,0.48708460203594484,0.0,0.08074182699557005,1.0,1.0
2021-11-12,BULL,1.0,0.9833399972365116,0.014887414165416233,0.001772588598072211,0.005264892502734731,0.5786442179884803,16.350000381469727,0.028330868392808718,0.021395253730051682,0.0,-0.04270488802996715,1.0,1.0
2021-11-26,BULL,1.0,0.9800244312030031,0.017656835657778223,0.0023187331392186456,0.005950865102321903,0.5232609658839167,16.65999984741211,0.06843084351574172,0.3116269288059677,0.0,0.023719763878356247,1.0,1.0
2021-12-03,BULL,1.0,0.9777491554538861,0.019408799389666463,0.0028420451564473677,0.006042452027614903,0.48028356225077534,18.09000015258789,0.054110295345730024,0.28275019527808726,0.0,0.05565682475803904,1.0,1.0
2021-12-10,BULL,1.0,0.9864103490361085,0.012189562556977966,0.0014000884069135335,0.006895484986161075,0.5201595037660611,16.600000381469727,0.1237004154233367,0.6827603684330559,0.0,0.01281070058718886,0.9999999999999999,0.9999999999999999
2021-12-17,BULL,1.0,0.9761744722679931,0.020883942743066822,0.002941584988939999,0.011970699167419108,0.5152857775808596,15.899999618530273,0.021487238498908275,-0.037536412669298,0.01005566038788916,-0.05251844876531058,0.9999999999999999,0.9999999999999999
2021-12-24,BULL,1.0,0.9775109866153868,0.019842359919859397,0.002646653464753763,0.0056285648262005454,0.46964997784669915,15.829999923706055,0.040898024518325145,0.08827747818081642,0.0,0.020217158488040305,0.9999999999999999,0.9999999999999999
2021-12-31,BULL,1.0,0.9776756877900289,0.019468541409848703,0.002855770800122471,0.005204234931523543,0.49534780682321666,16.56999969482422,0.00834398998555791,-0.08971135017509599,0.0,0.056229523825926435,1.0,1.0
2022-01-07,BULL,0.8325536832564975,0.9743317103768392,0.02160739233717576,0.0040608972859850385,0.1423432607047697,0.5396544085068675,17.979999542236328,-0.04243923607968158,-0.3519166180714569,0.6744631674350258,-0.0194135388587115,0.8673426054418945,0.8673426054418945
2022-01-14,BULL,1.0,0.9930991551243414,0.006329564073480386,0.0005712808021781085,0.009939775271943348,0.5680106335844041,16.700000762939453,0.06663201346875935,0.32303067295882953,0.0,-0.004237571812943473,1.0,1.0
2022-01-21,BULL,1.0,0.9912001546554731,0.008011616458852129,0.0007882288856748655,0.002772165057031157,0.5569339831634914,17.790000915527344,0.06017010605821069,0.32534268000840266,0.0,-0.06480391043834541,1.0,1.0
2022-01-28,BULL,0.894615618884398,0.9756879825558441,0.021210293898131727,0.0031017235460240925,0.02323198787407301,0.4798404962339389,21.06999969482422,-0.0079323300477367,0.007771299533145079,0.05384381115602003,0.025564204468796498,1.0,1.0
2022-02-04,BULL,1.0,0.9831240435791055,0.015037442851342443,0.0018385135695521942,0.007089121458556927,0.5183872396987151,19.15999984741211,0.036944469102820635,0.2117057168939109,0.0,-0.03170650499069603,1.0,1.0
2022-02-11,BULL,1.0,0.9761973973772244,0.02081198714265912,0.0029906154801164963,0.008475634411424876,0.48604342046965,17.709999084472656,-0.0037370715200047196,-0.11424061116510259,0.0,-0.04210221839555663,1.0,1.0
2022-02-18,BULL,1.0,0.9532173293743481,0.038785626094743356,0.007997044530908458,0.10988974655138148,0.41869738591050065,22.010000228881836,-0.02902373413563561,-0.09954068737483941,0.4429638645938755,-0.05788465688884534,1.0,1.0
2022-02-25,BEAR,0.8186908618114275,0.00012105145496741237,0.0037172389623017026,0.9961617095827309,0.6080842440249123,0.2653965440850687,31.979999542236328,-0.11701843311752262,-0.24471845869112072,0.8130913818857248,0.026181567141566952,0.23652828152281305,0.23652828152281305
2022-03-04,BEAR,1.0,0.000323291237443565,0.006380163658062772,0.9932965451044936,0.06385848808777254,0.3358440407620735,28.15999984741211,-0.07903259701235156,-0.1661938065712292,0.305819074229879,-0.00532022075788878,0.541928086779489,0.28307191322051106
2022-03-11,CHOP,1.0,0.0012056367518823727,0.012378901630768964,0.9864154616173487,0.00605452259612195,0.34603455914931325,25.579999923706055,0.008359335696999079,0.30185049566327543,0.0,0.09766094299346981,0.8292229319914011,0.6145270680085991
2022-03-25,CHOP,0.9,0.9763969243911044,0.01904377861448894,0.004559296994406719,0.44746774860098437,0.36109880372175457,23.93000030517578,0.02948962522961435,0.3899716122882063,0.0,0.004976653320246632,0.9999999999999999,0.7571576438681148
2022-04-01,CHOP,1.0,0.9849148729289409,0.012878752694415829,0.0022063743766434028,0.0072913771315669135,0.3535666814355339,20.559999465942383,0.08158628735102724,0.5954576633800372,0.0,0.040717981457442994,1.0,0.7503353169524085
2022-04-08,BULL,1.0,0.9753857388620333,0.021171581002454174,0.0034426801355124477,0.09607814000260106,0.4461674789543642,19.0,-0.020147268126305864,-0.141099486101379,0.4308932070889843,0.02680342387976415,1.0,1.0
2022-04-22,BULL,1.0,0.987131024855045,0.011624001055941911,0.0012449740890129585,0.008108168543648864,0.4594594594594595,17.850000381469727,0.08977468681839074,0.5246763215714887,0.0,-0.021854736185524477,0.9999999999999999,0.9999999999999999
2022-04-29,BULL,1.0,0.9803712147387046,0.017412416433037495,0.0022163688282578232,0.007410945370263841,0.4293309703145769,19.3799991607666,0.0390933177554046,0.253057531081682,0.0,-0.05625758526457662,1.0,1.0
2022-05-06,CHOP,1.0,0.001575706892383066,0.015753167310815146,0.9826711257968019,0.44498555685496105,0.33983163491360213,20.290000915527344,0.030446164148686474,0.24266419978224016,0.0,-0.07523410161864462,1.0,0.7579339357432454
2022-05-13,BEAR,1.0,0.0008726375184692676,0.009076531087588824,0.9900508313939419,0.005485228743618483,0.2042534337616305,24.270000457763672,0.045142809201097686,0.49607974578922875,0.0,0.00553137664239521,0.5297312371264804,0.2586158556011954
2022-05-20,CHOP,0.8562945537229087,0.0003499351760682713,0.007104407571181324,0.9925456572527505,0.09009441977530984,0.256092157731502,24.559999465942383,-0.04969060158025641,-0.1232285914796663,0.4370544627709122,-0.014902116848971346,0.7774750094874766,0.5771899724210294
2022-05-27,BEAR,0.9,0.00113340070295649,0.011676703572640503,0.9871898957244029,0.005198793683467111,0.21178555604785113,22.719999313354492,0.03407144331675824,0.3477239042648154,0.0,0.018712977681047578,0.6719999999999999,0.384
2022-06-03,CHOP,1.0,0.0019813356934876574,0.01803893115841111,0.9799797331481013,0.007644893668413038,0.26894107221976077,20.31999969482422,0.03697297099633886,0.25189734343637943,0.0,0.018919255463883462,1.0,0.7605666088851151
2022-06-10,BEAR,0.8363595161347177,0.0007222294322468558,0.012860530828953687,0.9864172397387994,0.13303884363506813,0.24811696942844483,19.139999389648438,-0.03268317555031559,-0.2505000368778956,0.6364048386528223,-0.03002295868222728,0.5055440208057742,0.5055440208057742
2022-06-17,BEAR,0.891844356454775,0.00040786731315924,0.007336233388348689,0.992255899298492,0.02056907749524513,0.16703588834736377,22.8700008392334,-0.07533573318196676,-0.36047104575559186,0.08155643545225001,0.0008229165855319875,0.6563285399105472,0.36660470961991576
2022-06-24,BEAR,0.9,0.0010483971396459467,0.011470241385120181,0.9874813614752339,0.004861949153348584,0.15241470979175897,20.8799991607666,0.03469065780893188,0.2786769393001022,0.0,0.011127277829402633,0.6665981370688824,0.37859813706888235
2022-07-01,BEAR,0.8185583690624634,0.00030660259063355867,0.007289465013623658,0.9924039323957428,0.1666789528282804,0.1847585290208241,21.84000015258789,-0.025607710118272113,-0.0874784448869031,0.8144163093753662,0.02501851483008918,0.46493434760177554,0.46493434760177554
2022-07-08,BEAR,1.0,0.0014033302325308719,0.017164395942270157,0.9814322738251989,0.10812923599653464,0.21488701816570668,19.200000762939453,0.024242325997074377,0.12767339823941054,0.4959888917916176,-0.0028752069762088776,0.705488320378936,0.3945116796210641
2022-07-15,BEAR,1.0,0.0016882556993560308,0.01985251126121573,0.9784592330394283,0.08048816658388122,0.21665928223305272,18.34000015258789,-0.011163476251345185,-0.16068543652878287,0.3725224684914943,0.0058616601979857245,0.704291431347985,0.39570856865201526
2022-07-22,CHOP,1.0,0.0029079374693709585,0.02660256661794607,0.970489495912683,0.09857995061123123,0.2658396101019052,16.860000610351562,0.03334396469628721,0.08222971350267054,0.4425494029642912,-0.004672466305435807,1.0,0.7456067188580467
2022-07-29,CHOP,0.8171335787979567,0.002035620078210181,0.023397342115952024,0.9745670378058379,0.17306145271048087,0.27071333628710675,17.010000228881836,0.035194439491779896,0.09255704506528613,0.8286642120204334,-0.023353476379136585,0.7695115020250147,0.7695115020250147
2022-08-05,CHOP,0.9,0.9828285141943167,0.014801783118197825,0.0023697026874853386,0.44526504005088174,0.30482941958351795,19.260000228881836,0.03685387326760329,0.1977279900878637,0.0,0.03127409161476789,1.0,0.75
2022-08-12,CHOP,1.0,0.984095478721641,0.013850694386601848,0.002053826891757212,0.00416180367131914,0.32521045635799734,18.360000610351562,0.0376583102405266,0.17463468785050168,0.0,0.02643251935007515,1.0,0.7359027762504654
2022-08-19,CHOP,0.9,0.9819426288012787,0.01572699882796639,0.0023303723707549634,0.005046331178058297,0.3642002658396101,17.350000381469727,0.006554930104909913,-0.08144005976914591,0.0,0.013046907327449975,0.9999999999999999,0.7571944355579674
2022-08-26,CHOP,1.0,0.9707862021529241,0.024843043212868357,0.004370754634207518,0.09014274940587864,0.38635356668143556,19.56999969482422,-0.0019523036283044329,-0.025151714947812084,0.392027234589312,0.022597592704054394,0.9999999999999999,0.7452512404080887
2022-09-02,BULL,0.8741301823484657,0.9762556774999426,0.020773515786675543,0.002970806713381747,0.05954392505191481,0.42002658396101017,19.8700008392334,0.049777912985911076,0.3540819654328404,0.25869817651534316,0.039023026587878824,1.0,1.0
2022-09-09,BULL,1.0,0.9821078971202312,0.015936821228801377,0.0019552816509673825,0.006602975735277092,0.47319450598139123,18.309999465942383,0.03771129966790457,0.19536918887863908,0.0,0.005064264971114959,0.9999999999999999,0.9999999999999999
2022-09-16,BULL,0.8292551991445665,0.9625249023594713,0.031612941877329354,0.005862155763199312,0.15896940003395474,0.488701816570669,18.389999389648438,-0.006660243501893696,-0.09509374770815868,0.7074480085543359,-0.05659675533209051,0.882397301749902,0.882397301749902
2022-09-23,BULL,1.0,0.9729571901910735,0.023610306996461685,0.0034325028124648853,0.010789592048499242,0.4448382809038547,18.81999969482422,0.0005106378283754225,-0.029007165292217876,0.0,-0.07759490090359067,1.0,1.0
2022-09-30,CHOP,1.0,0.0019508665614434767,0.016103121825996606,0.9819460116125599,0.4443320499498195,0.35135135135135137,21.299999237060547,0.06630407115812681,0.5132062611020789,0.0,0.06091246899681726,0.9999999999999999,0.7701149425287356
2022-10-07,BULL,1.0,0.9768450452417375,0.02035902709196215,0.0027959276663002334,0.4458077142607294,0.41160832964111654,19.31999969482422,0.049750214761048885,0.31770453516242225,0.0,0.0051143345473581205,0.9999999999999999,0.9999999999999999
2022-10-14,CHOP,1.0,0.9644443223614418,0.02928347525568684,0.006272202382871284,0.013945901300418964,0.3743907842268498,20.290000915527344,0.02903247665635238,0.22236630158250076,0.0,0.0009973339126339307,1.0,0.7521876611353607
2022-10-21,CHOP,1.0,0.9812483584387609,0.0165328413826592,0.002218800178580034,0.01175590458275736,0.3757199822773593,17.229999542236328,0.07129203863706844,0.3728228906400855,0.0,0.02352563776249928,1.0,0.7587105844587315
2022-10-28,CHOP,1.0,0.9844217662672523,0.013855650335937055,0.0017225833968107127,0.0048881969487328345,0.386796632698272,16.600000381469727,0.05626381660290411,0.22125107798151394,0.0,0.0025166878220801176,1.0,0.7611499838668422
2022-11-04,BULL,1.0,0.9778353486160158,0.019186641767534332,0.0029780096164498727,0.049676531449743516,0.40762073548958794,15.9399995803833,-0.007120827803316104,-0.21020052448785798,0.2084205565330015,-0.025587483649571318,0.8049228716456597,0.8049228716456597
2022-11-11,BULL,1.0,0.9886698311379657,0.010261862030502299,0.0010683068315319945,0.007355212273590714,0.4155959237926451,15.569999694824219,0.07242851583094459,0.28159328258091104,0.0,-0.010940514580790116,1.0,1.0
2022-11-18,CHOP,1.0,0.9878293443073098,0.010962877394174345,0.001207778298515647,0.003053905872036249,0.3987594151528578,14.880000114440918,0.059620050587571735,0.15908785591262195,0.0,0.0025021817221634337,0.9999999999999999,0.7649484660381939
2022-11-25,CHOP,0.9,0.987923665127217,0.010896324265952823,0.0011800106068301447,0.002693713464880821,0.39787328311918474,13.479999542236328,0.05849625232840825,0.08414603238590121,0.0,0.01170842694381279,1.0,0.7630195783327145
2022-12-02,BULL,0.8914149519440223,0.988584846080864,0.01037660097943391,0.0010385529397021012,0.019958368912864115,0.44926894107221976,13.359999656677246,0.06846574290874301,0.14055570315138552,0.0858504805597767,0.02132208951624394,1.0,1.0
2022-12-09,BULL,1.0,0.9887616705100332,0.010225300225201647,0.001013029264765391,0.002529842744072522,0.47319450598139123,13.399999618530273,0.0592960019720888,0.08687936857424519,0.0,-0.017522269240161807,0.9999999999999999,0.9999999999999999
2022-12-16,BULL,1.0,0.9837935819405981,0.01453158417394969,0.0016748338854522039,0.05743003519567484,0.47363757199822776,13.729999542236328,0.06206929673539542,0.12287110080680594,0.2580907247522914,-0.07153255248555314,1.0,1.0
2022-12-23,CHOP,1.0,0.9783516320911537,0.019061767882038345,0.002586600026807968,0.007295871019380828,0.3854674346477625,15.1899995803833,0.04614945109906259,0.08927538268379664,0.0,0.04017296053816024,1.0,0.7647252294891886
2022-12-30,BULL,0.9,0.9787251481608162,0.01890217006415666,0.002372681775027074,0.004897588954190306,0.41249446167478954,14.8100004196167,0.05942567060249031,0.16973855592417647,0.0,0.004787280088407172,0.9999999999999999,0.9999999999999999
2023-01-06,BULL,1.0,0.9743773407468536,0.02259902148031883,0.003023637772827607,0.007685772741478031,0.4302171023482499,14.979999542236328,0.06936496469134965,0.2434612337595148,0.0,-0.022831185210634104,1.0,1.0
2023-01-13,BULL,0.9,0.974429292028113,0.022504142938984614,0.0030665650329022853,0.005770149944558228,0.42135578201151974,15.279999732971191,0.07406093358920193,0.27903951309511865,0.0,0.005173954491983962,1.0000000000000002,1.0000000000000002
2023-01-20,BULL,1.0,0.9858700023243536,0.01271441877050024,0.001415578905146345,0.008257434949466746,0.42002658396101017,13.960000038146973,0.1610008181294501,0.7874043128986105,0.0,-0.018199288774427096,0.9999999999999999,0.9999999999999999
2023-01-27,CHOP,1.0,0.978804921298993,0.01862475769930765,0.0025703210016992557,0.007932366401953474,0.3819229065130704,14.65999984741211,0.09555193296040082,0.3812931909685768,0.0,-0.02262501824475178,1.0,0.7668281868469095
2023-02-03,CHOP,1.0,0.9727110267314615,0.023379668907182412,0.003909304361356009,0.008981908081368097,0.3389455028799291,15.729999542236328,0.06888170024226707,0.252875869758592,0.0,-0.0029252948115023455,1.0,0.7613151545826559
2023-02-10,CHOP,0.8398562780767511,0.9591082196901883,0.0332045597482181,0.007687220561593575,0.13612450718935182,0.3535666814355339,13.039999961853027,0.0006410028901448761,-0.30347683443778173,0.6014372192324892,0.002634068296253464,0.7562920975092132,0.7562920975092132
2023-02-17,CHOP,1.0,0.9758025990431642,0.02082317513608187,0.0033742258207537868,0.013026796064357086,0.3385024368630926,12.890000343322754,0.04000824316675756,-0.03389501141301218,0.0,-0.02381476158510249,1.0,0.7606306601723298
2023-02-24,CHOP,1.0,0.968188630656903,0.02662845647326468,0.0051829128698322405,0.010825142216403415,0.29906956136464335,15.079999923706055,0.03279240244961233,0.012206374090012254,0.0,-0.0021878798758599377,1.0,0.7701149425287357
2023-03-03,CHOP,1.0,0.0020578191901292125,0.020730948275238657,0.9772112325346322,0.500415529481351,0.2848914488258751,12.970000267028809,0.05344279046784947,0.06836730642325432,0.2901673415054587,0.007198617219331051,1.0000000000000002,0.7701149425287357
2023-03-10,CHOP,1.0,0.981542657574646,0.016000159145431868,0.0024571832799222602,0.44495108241408776,0.3030571555161719,12.729999542236328,0.10426588314263481,0.38189590186276023,0.0,-0.020076556480429397,1.0,0.7608637298583907
2023-03-17,BEAR,0.8464654618858327,0.0005797115101984414,0.010605922177187532,0.9888143663126139,0.5532828776325629,0.24501550731058927,16.219999313354492,0.013109351315907625,-0.09497085538572386,0.5353453811416727,-0.005990750977096723,0.6633383920243617,0.36910641120540477
2023-03-24,BEAR,1.0,0.0030150487225223937,0.02195231534870422,0.9750326359287734,0.011798261231478029,0.2467877713779353,14.489999771118164,0.1028868237828153,0.4211468831756016,0.0,0.002688515412252214,0.7,0.4
2023-03-31,BEAR,1.0,0.003179559361524089,0.023664351331298482,0.9731560893071776,0.006849139990587476,0.2157731501993797,13.630000114440918,0.08366572536230586,0.25777819370907445,0.0,0.012541491351553129,0.7076181931927492,0.3923818068072509
2023-04-21,CHOP,1.0,0.9893265631161551,0.009559799275210454,0.0011136376086342853,0.4461235665880799,0.3331856446610545,11.9399995803833,0.0834158500314281,0.19904092265451154,0.0,0.01348775772154593,0.9999999999999999,0.7425526908078446
2023-04-28,CHOP,0.8654177899999141,0.9889157033022401,0.009905592070783415,0.0011787046269765907,0.0718019071813808,0.3491360212671688,11.430000305175781,0.10242592634184272,0.30610340845978523,0.3458221000008585,0.01970243325637065,1.0,0.755617287452504
2023-05-05,CHOP,1.0,0.9882029672663569,0.010639975137090906,0.0011570575965521546,0.002921290445877445,0.38369517058041647,11.729999542236328,0.05738313584758112,0.0077372005500925545,0.0,0.011479443547434071,1.0000000000000002,0.7559609948537925
2023-05-12,CHOP,0.8549446388927952,0.9800702223505411,0.01746394580350843,0.002465831845950516,0.09824957932560871,0.39743021710234827,13.220000267028809,0.03474475425659274,-0.07223114072062259,0.45055361107204844,0.019153582893304825,0.9999999999999999,0.7499999999999999
2023-05-19,CHOP,0.9,0.9849622762247175,0.013439071387456614,0.0015986523878257057,0.0055286994760010855,0.3903411608329641,12.800000190734863,0.043781193576266905,-0.027324980401168403,0.0,0.029451094402440602,1.0,0.75
2023-05-26,BULL,1.0,0.9875641731862757,0.011259541029014913,0.001176285784709317,0.0038932761523878725,0.40762073548958794,12.520000457763672,0.07975422951527153,0.2112594714420011,0.0,0.035520262505882506,1.0,1.0
2023-06-02,BULL,1.0,0.9846402294993858,0.013877300866654983,0.0014824696339592357,0.0046842226860151605,0.42755870624723086,11.600000381469727,0.05444058081813547,0.005776512245202536,0.0,0.048643673886944905,1.0,1.0
2023-06-09,BULL,1.0,0.985299359351501,0.01312604095066735,0.0015745996978314958,0.003593115031460493,0.4767390341160833,11.260000228881836,0.01573581210396261,-0.2651192346460371,0.0,0.057362416392837665,1.0000000000000002,1.0000000000000002
2023-06-16,BULL,1.0,0.9777501555155571,0.01908230921741485,0.0031675352670280607,0.14262825243188915,0.4966770048737262,11.079999923706055,-0.00935482131050959,-0.4492988596938964,0.6707381737771008,0.009463898817388235,0.8884451200001415,0.8884451200001415
2023-06-23,BULL,1.0,0.9861564413726787,0.012479359277157062,0.0013641993501643252,0.045435478839365336,0.5135135135135135,11.550000190734863,0.048802289443313995,-0.041527985025357095,0.19305549304081757,-0.00845982239507195,0.9999999999999999,0.9999999999999999
2023-06-30,BULL,0.9,0.9918416707372398,0.007515442818009769,0.0006428864447505036,0.004318596355554653,0.5081967213114754,10.890000343322754,0.1402470200732558,0.5375773659533412,0.0,0.02625950399834811,1.0,1.0
2023-07-07,BULL,1.0,0.9879535777260736,0.010779231023896376,0.0012671912500300726,0.06322866725707246,0.5414266725742135,11.84000015258789,0.020985791203023962,-0.21260003140033645,0.2940815134862819,0.020791301646636916,1.0000000000000002,1.0000000000000002
2023-07-14,BULL,1.0,0.9874676190534187,0.011330650401997147,0.0012017305445840994,0.08227662810670117,0.5219317678334072,10.9399995803833,0.06675045250030452,0.0398971713623065,0.3964083354416137,0.01981236535167814,1.0,1.0
2023-07-21,BULL,1.0,0.9937050748086744,0.005816908593831328,0.0004780165974942656,0.004161443447629017,0.5551617190961453,11.789999961853027,0.07230814473769308,0.1169058497888874,0.0,0.03350478807503777,1.0,1.0
2023-07-28,BULL,1.0,0.9939413847470202,0.005617780928273188,0.0004408343247066875,0.001406229387792876,0.5551617190961453,10.510000228881836,0.13312673024292765,0.4700354883677286,0.0,0.02509603905700624,1.0,1.0
2023-08-04,BULL,1.0,0.9863420121450904,0.01235134922774412,0.0013066386271655213,0.0064126429672834145,0.5697828976517502,11.1899995803833,0.11095087856356443,0.3510990563320616,0.0,0.024034316679828704,0.9999999999999999,0.9999999999999999
2023-08-11,BULL,1.0,0.98884530883782,0.010134744061274624,0.0010199471009055894,0.00356141116434539,0.5954807266282676,11.399999618530273,0.10071490783389592,0.29923823595311516,0.0,-0.015018346950016373,1.0,1.0
2023-08-18,BULL,0.826502241549998,0.9566260432103701,0.03474067088404998,0.00863328590557982,0.17189563497139831,0.5786442179884803,12.239999771118164,-0.05453434801516236,-0.6898508444867688,0.73497758450002,0.03611459511828791,0.9166841125355958,0.9166841125355958
2023-08-25,BULL,0.9,0.9870372828732292,0.011712059862976841,0.0012506572637938694,0.016527732726399527,0.6061143110323438,11.699999809265137,0.07518190502094968,0.14505900718061734,0.0,0.03668333901596833,1.0,1.0
2023-09-01,BULL,1.0,0.9896572091486701,0.009407354276433815,0.0009354365748960016,0.003434612309193583,0.6318121400088613,12.0600004196167,0.10264830857068283,0.33276255555890943,0.0,0.06291672512817728,0.9999999999999999,0.9999999999999999
2023-09-08,BULL,1.0,0.992715210750619,0.006687453934096771,0.000597335315284293,0.06906105027237698,0.6756756756756757,10.869999885559082,0.10069421731900866,0.27083433664118595,0.33054262319283473,0.010684262403119399,1.0,1.0
2023-09-15,BULL,1.0,0.9957183336415428,0.003991547105816098,0.00029011925264117873,0.0022657624231353984,0.6730172795746566,11.319999694824219,0.10755379489851574,0.3279481209956123,0.0,-0.023201862084768713,1.0,1.0
2023-09-22,BULL,0.9,0.991350836411787,0.00789899257052676,0.0007501710176863831,0.003845240674570004,0.6632698272042534,10.819999694824219,0.0660377171695993,0.03669476940416823,0.0,-0.0027869775323538125,0.9999999999999999,0.9999999999999999
2023-09-29,BULL,1.0,0.9922491804948619,0.007094530891944393,0.0006562886131937064,0.002085676461050089,0.6610544971200709,12.819999694824219,0.11114095416882053,0.4348986075402765,0.0,-0.002344092414046184,1.0,1.0
2023-10-06,BULL,1.0,0.9916256014525561,0.007662452450353477,0.0007119460970903278,0.002097879497944448,0.6730172795746566,10.9399995803833,0.09660845696246229,0.25741686940455366,0.0,0.018202315856188377,1.0,1.0
2023-10-13,BULL,0.9,0.9930234063032398,0.0064172583981022355,0.0005593352986579343,0.0021361979818912825,0.6792202038103677,10.619999885559082,0.13853233881009774,0.5195488108791606,0.0,0.04198869699057696,1.0,1.0
2023-10-20,BULL,1.0,0.9931670548789853,0.006285985226472729,0.0005469598945419868,0.0015406228621968015,0.6867523260965884,10.899999618530273,0.14780060129315495,0.5953755371289201,0.0,-0.06796420641110364,1.0,1.0
2023-10-27,BULL,1.0,0.9847633313258193,0.013713561731055023,0.0015231069431255965,0.0071336307223859455,0.589720868409393,11.729999542236328,0.08538180206308145,0.20500091681413024,0.0,0.05227584126199967,1.0,1.0
2023-11-03,BULL,1.0,0.9921401433133953,0.007209223531443367,0.0006506331551612526,0.00502166336276239,0.6331413380593709,11.079999923706055,0.15159811909867882,0.6053224697546127,0.0,0.01852335390860894,0.9999999999999999,0.9999999999999999
2023-11-10,BULL,1.0,0.9911539547221023,0.008089697483602028,0.0007563477942954975,0.002364263480520445,0.6451041205139566,10.979999542236328,0.12046619100460021,0.3994832308138464,0.0,0.059045058690383505,1.0,1.0
2023-11-17,BULL,1.0,0.9853314918114257,0.0128862720183605,0.001782236170213729,0.09894114881458746,0.6614975631369074,11.649999618530273,0.018668287758356397,-0.25833007499309385,0.46515445816512657,0.0003895519501355425,1.0,1.0
2023-11-24,BULL,1.0,0.992994270391065,0.006387886077162183,0.0006178435317727259,0.00497296498897925,0.6747895436420026,11.319999694824219,0.03933503991273278,-0.13807465521304443,0.0,-0.006472966629253255,0.9999999999999999,0.9999999999999999
2023-12-01,BULL,0.9,0.9945018156646607,0.005072950140103894,0.00042523419523536637,0.0018630790792329719,0.6752326096588391,12.6899995803833,0.04391489134680146,-0.04969710005564105,0.0,0.019153494912227193,1.0,1.0
2023-12-08,BULL,0.8843865257279095,0.9950939460998378,0.004540101152891895,0.0003659527472701727,0.03254780856949714,0.6996012405848472,12.670000076293945,0.06523048267238907,0.0916507531466185,0.15613474272090475,0.009607685389705085,1.0,1.0
2023-12-15,BULL,0.8515602269288358,0.9948058347212675,0.00478843052251278,0.0004057347562197166,0.09812917626967538,0.7035888347363757,12.319999694824219,0.10249929077231296,0.32031009362777196,0.4843977307116413,-0.03971641269650295,1.0,1.0
2023-12-22,BULL,0.8436942704563741,0.9902429439479395,0.008661167309635008,0.0010958887424253414,0.11683534889414639,0.695170580416482,13.760000228881836,-0.0007247878581536638,-0.30033446824689913,0.5630572954362583,0.010281661228985972,0.9999999999999999,0.9999999999999999
2023-12-29,BULL,1.0,0.9952646722347609,0.004385251499937836,0.00035007626530123633,0.003276858535177663,0.7040319007532122,15.140000343322754,0.07157387289382498,0.24835487740290835,0.0,0.053043998716639056,1.0,1.0
2024-01-05,BULL,1.0,0.995689802795988,0.004010380342517719,0.00029981686149439254,0.0011133115656534406,0.7270713336287107,13.329999923706055,0.1189054941479814,0.4891285256177182,0.0,0.013216357802244737,1.0,1.0
2024-01-12,BULL,1.0,0.9956843867050941,0.004017111741850661,0.0002985015530551698,0.0009258520992920906,0.7297297297297297,12.770000457763672,0.11745888352703723,0.45550893025702827,0.0,-0.020207149008458814,0.9999999999999999,0.9999999999999999
2024-01-19,BULL,1.0,0.9931977825379393,0.006237629281938967,0.0005645881801217843,0.0025923330036561744,0.7018165706690297,14.069999694824219,0.12329257104331609,0.5615847308803263,0.0,0.05078662991434714,1.0,1.0
2024-02-02,BULL,1.0,0.99175063232271,0.007522403081390497,0.0007269645958995548,0.0024464840514911174,0.7124501550731059,14.460000038146973,0.1002943793134467,0.41747882075206866,0.0,-0.022420293156369217,1.0,1.0
2024-02-09,BULL,1.0,0.9880900933226844,0.010700368576216169,0.0012095381010996506,0.0042711315056946225,0.7013735046521932,15.829999923706055,0.04209444536080632,0.0964459165305825,0.0,-0.06663807722154087,1.0,1.0
2024-02-16,BULL,0.8112553919012059,0.9714545182799245,0.0241103884213391,0.004435093298736374,0.19157133997059245,0.6739034116083297,15.229999542236328,0.005981602910449229,-0.16516762403974358,0.8874460809879408,0.04926789804406938,0.8842798965404879,0.8842798965404879
2024-02-23,BULL,1.0,0.991565941557841,0.00768682497069268,0.0007472334714662611,0.010886398857787482,0.6845369960124058,15.199999809265137,0.03140883131136028,0.001702092395111876,0.0,-0.010466549090988706,1.0,1.0
2024-03-01,BULL,1.0,0.9839618256199243,0.014076355486711623,0.001961818893364025,0.007021850826750449,0.6486486486486487,15.569999694824219,-0.006184042837592614,-0.22391262063099404,0.0,-0.08280942691019423,1.0,1.0
2024-03-15,BULL,1.0,0.987026378933098,0.011762654725906308,0.001210966340995615,0.0042159664725076925,0.48914488258750555,13.619999885559082,0.0701914838768797,0.17820455159200477,0.0,0.014218269685645065,1.0,1.0
2024-03-22,BULL,0.8392184403209832,0.9713361737603837,0.02428042441317287,0.00438340182644335,0.1352331572989669,0.4957908728400532,12.510000228881836,-0.01594963012921695,-0.44881630481676343,0.6078155967901677,0.05803491301471955,0.7971555467973407,0.7971555467973407
2024-04-05,BULL,0.7987174161257136,0.983671633899169,0.014474112571867743,0.0018542535289631987,0.20918748098841222,0.6083296411165263,11.220000267028809,0.0656364365120972,0.03937249575143606,1.0,0.013449596889947124,0.8280952419600301,0.8280952419600301
2024-04-12,BULL,1.0,0.9944000651976459,0.005194293038801099,0.000405641763553026,0.006028909397496018,0.614089499335401,11.109999656677246,0.10209578304988169,0.2885785802484609,0.0,-0.009925656795105,1.0,1.0
2024-04-19,BULL,0.8331648921342478,0.9759394447322847,0.020535180420219536,0.003525374847495717,0.14749468096395896,0.5697828976517502,13.039999961853027,-0.0125429947807792,-0.3960809115711643,0.6683510786575211,0.05446014806724374,0.9149052192724759,0.9149052192724759
2024-04-26,BULL,0.8853110996603258,0.9949123249789613,0.004723742672772935,0.0003639323482659041,0.03900591826421371,0.6070004430660169,10.729999542236328,0.14295332732198832,0.5439970341964708,0.1468890033967417,0.030628760452191817,1.0,1.0
2024-05-03,BULL,1.0,0.9919394091313852,0.007394881119302748,0.0006657097493119545,0.0030830722549945234,0.6180770934869295,13.449999809265137,0.08116696637442583,0.25139982447259485,0.0,-0.06803923161015277,1.0,1.0
2024-05-10,BULL,0.9,0.9661083507023861,0.028690090199235935,0.005201559098377967,0.019442617972247993,0.5068675232609658,18.200000762939453,-0.0019020965982624663,-0.09216468223657825,0.0,0.06403202125249563,1.0,1.0
2024-05-17,BULL,1.0,0.9653535880186919,0.028702737374787058,0.005943674606521063,0.19408171304484645,0.5538325210456359,20.0,-0.03292069245185748,-0.22644111548600335,0.9281202625980911,-0.0017877924686327633,0.9219678239312208,0.9219678239312208
2024-05-24,BULL,1.0,0.9847947102640809,0.01337546394474767,0.001829825791171396,0.012155528115843174,0.5613646433318564,21.3799991607666,-0.027887652887662318,-0.13010381784208155,0.0,-0.016286471146010967,1.0,1.0
2024-05-31,BULL,1.0,0.9817006222655877,0.015984060082605934,0.0023153176518063505,0.00551527867656567,0.49047408063801506,24.18000030517578,0.06115960689186818,0.5883205019901661,0.0,0.01978267961531983,1.0,1.0
2024-06-07,BULL,0.8974630307115917,0.9882323589527567,0.010633912171822836,0.0011337288754204213,0.010593494070575284,0.49268941072219763,16.799999237060547,0.04407273655598034,0.14210774195426246,0.02536969288408248,0.054958257893924764,1.0,1.0
2024-06-14,BULL,1.0,0.9909485786812131,0.00815441980778454,0.0008970015110023588,0.06115369228334391,0.6047851129818342,13.489999771118164,0.01690376095594248,-0.17981495310414966,0.2897085441979035,0.05270634590343413,1.0,1.0
2024-06-21,BULL,1.0,0.9916858725657927,0.007547389844926831,0.0007667375892804248,0.05315513104457617,0.6264953478068233,13.350000381469727,0.032035113177274616,-0.08813158591935732,0.2550358789590889,-0.000798377381737791,0.9999999999999999,0.9999999999999999
2024-06-28,BULL,1.0,0.9929727251266218,0.0064339713193670165,0.0005933035540111363,0.0021031993378509664,0.613203367301728,14.149999618530273,0.032435041514246504,-0.052420232941208414,0.0,0.043713367177598834,1.0,1.0
2024-07-05,BULL,0.8509541242863466,0.9921338948067173,0.007138298287594297,0.0007278069056883091,0.10018800749105791,0.6579530350022154,12.859999656677246,0.03893651708941141,-0.05773018886242779,0.4904587571365335,0.012806505943300258,1.0,1.0
2024-07-12,BULL,0.824999408540065,0.9865812393281401,0.011789589200631074,0.001629171471228715,0.15550946431384732,0.6570669029685423,14.0,0.006678587636409147,-0.2258459770864426,0.7500059145993493,-0.0025059447313955244,0.8498374063325836,0.8498374063325836
2024-07-19,BULL,0.9,0.9947697977841562,0.00484276503033989,0.0003874371855038049,0.004808379185476763,0.641116526362428,14.510000228881836,0.1025093077930384,0.436037881770753,0.0,0.012813950523551686,0.9999999999999999,0.9999999999999999
2024-07-26,BULL,1.0,0.9928878079215107,0.006551904930522753,0.000560287147966525,0.0023813912834816757,0.6300398759415153,12.619999885559082,0.09507974697528218,0.3086126504298901,0.0,0.0037371938622224833,1.0,1.0
2024-08-02,BULL,0.82437297750887,0.9871544172445106,0.011450950935164373,0.00139463182032511,0.15668211370207313,0.6632698272042534,12.930000305175781,0.041621594258222996,-0.04190953657733397,0.7562702249113008,-0.007217496723447071,0.9197393427367516,0.9197393427367516
2024-08-09,BULL,1.0,0.9879899150660796,0.010803472293734816,0.0012066126401856327,0.0030193135345272654,0.6127603012848915,16.600000381469727,0.11682343386527562,0.626724620460773,0.0,-0.029183300174383576,0.9999999999999999,0.9999999999999999
2024-08-16,BULL,1.0,0.9824232676180887,0.01565788646378894,0.0019188459181223765,0.0064041070116026225,0.5777580859548073,15.4399995803833,0.06268795622087897,0.21100873362112793,0.0,0.054720250934144336,1.0,1.0
2024-08-23,BULL,0.8365570904476382,0.9828044273444269,0.015135818316892697,0.002059754338680269,0.13097181516967765,0.6535223748338502,13.0,0.04330917490733898,-0.035176774381616524,0.6344290955236185,-0.0008851913822962101,0.8746186802712024,0.8746186802712024
2024-08-30,BULL,1.0,0.9848710119986323,0.013343960886527497,0.0017850271148403924,0.004312766117633988,0.6459902525476297,13.789999961853027,0.004961836992759705,-0.2528867328757345,0.0,0.08609218203671663,1.0,1.0
2024-09-06,BULL,1.0,0.9926351089026847,0.0067417800090116345,0.0006231110883036332,0.00509144404394742,0.6468763845813026,14.210000038146973,0.11399164670045389,0.49287911326191924,0.0,-0.018612178624263443,1.0,1.0
2024-09-13,BULL,0.891776379658186,0.9943594874902849,0.005214720279391222,0.00042579223032385594,0.018436471996055772,0.6300398759415153,13.180000305175781,0.09643072426645,0.33548109585685476,0.0822362034181394,-0.005180943476006433,1.0000000000000002,1.0000000000000002
2024-09-20,BULL,1.0,0.9885292761055765,0.010332848671372352,0.001137875223051217,0.14359239375078856,0.6087727071333628,12.470000267028809,0.09071032208348248,0.26517537477982894,0.692235394020874,0.04750008133732436,0.871884464297155,0.871884464297155
2024-09-27,BULL,1.0,0.9934313122154947,0.00605250184195796,0.0005161859425471257,0.029444993489287502,0.6189632255206026,12.0,0.07975433541836441,0.1701640631964411,0.12911051247206884,0.005029385389560068,1.0,1.0
2024-10-04,BULL,1.0,0.9900926920880829,0.009049543368394251,0.0008577645435228693,0.0036553935484233456,0.58883473637572,13.170000076293945,0.08371241189708817,0.25004055776230855,0.0,-0.02224004527859559,0.9999999999999999,0.9999999999999999
2024-10-11,BULL,1.0,0.988333502841579,0.010564489867193176,0.0011020072912279976,0.0033453360508566184,0.5724412937527692,13.5,0.10417235637739973,0.41433233136503017,0.0,-0.022214061909711896,1.0,1.0
2024-10-18,BULL,0.9,0.9844902107556489,0.013931558107994553,0.0015782311363564795,0.005147085514809989,0.5587062472308374,13.390000343322754,0.09396639108074081,0.33969439490068964,0.0,-0.04347241546873292,1.0000000000000002,1.0000000000000002
2024-10-25,BULL,0.8651935245877557,0.9664780267975948,0.02908592369064727,0.004436049511757992,0.08531003814844568,0.44528134692069116,13.970000267028809,0.061377644750191154,0.14948192132708643,0.3480647541224432,-0.0047941143450455255,1.0,1.0
2024-11-01,BULL,1.0,0.9742600951283229,0.022611832253641145,0.00312807261803595,0.009275526246770277,0.4762959680992468,15.550000190734863,0.0407188688772675,0.08020215431346686,0.0,0.005747690432717406,0.9999999999999999,0.9999999999999999
2024-11-08,BULL,1.0,0.9797044103338456,0.01800606414696428,0.002289525519190036,0.006966964879554121,0.5095259193619849,14.9399995803833,0.05405917408177744,0.13984413905892015,0.0,-0.03363431880169836,1.0,1.0
2024-11-22,CHOP,1.0,0.002378774861232677,0.021667417274750838,0.9759538078640164,0.44508152936211914,0.3438192290651307,15.989999771118164,0.05302562251202519,0.18313389016047976,0.0,0.004989178799789381,1.0,0.7695160867194466
2024-11-29,BULL,1.0,0.9737152052114171,0.022906392202998022,0.0033784025855848857,0.4966761479335941,0.4328754984492689,15.210000038146973,0.012599021157146492,-0.12583394776026144,0.26542288041733175,0.045793559573537014,1.0,1.0
2024-12-06,BULL,0.8814301662312332,0.9891838910356572,0.009813608931064657,0.0010025000332782828,0.046464297957965875,0.5126273814798405,14.529999732971191,0.07212239893193607,0.23972186460508116,0.1856983376876682,0.026309131287965776,1.0,1.0
2024-12-13,BULL,1.0,0.9931175591572278,0.006348490386954157,0.0005339504558181716,0.0032534289144248493,0.5334514842711564,13.1899995803833,0.11703957818102814,0.47186515485032454,0.0,0.030681945610052608,1.0,1.0
2024-12-20,BULL,1.0,0.9693272975316356,0.02551164460213902,0.005161057866225309,0.15507241993689982,0.4909171466548516,14.510000228881836,-0.02852198337712953,-0.4269481443906612,0.6860002506923273,-0.032087872717208546,0.8854083098046285,0.8854083098046285
2024-12-27,CHOP,0.9,0.004628267423811291,0.03306312442259397,0.9623086081535946,0.4425784954025642,0.4288879042977404,14.039999961853027,0.059934593124989465,0.14599825272491138,0.0,0.0058651852958051046,1.0,0.7566986424106474
2025-01-03,BULL,1.0,0.9808792590673835,0.01701806663569023,0.0021026742969262966,0.44355762928551606,0.45635799734160387,13.739999771118164,0.045637038584028296,0.036139731646446537,0.0,-0.034506994240118286,1.0,1.0
2025-01-10,CHOP,0.8093649267187732,0.0009070176953278131,0.01586558497174673,0.9832273973329254,0.6263121960011335,0.3757199822773593,14.65999984741211,0.011163072172868809,-0.15115781006381734,0.9063507328122672,-0.04320902078708122,0.5399951112490544,0.5399951112490544
2025-01-17,CHOP,1.0,0.004210131727948834,0.026120516373562257,0.9696693518984889,0.01300927641138842,0.3132476739034116,15.470000267028809,0.12689238678299347,0.6419951654273792,0.0,-0.015824963007543817,0.9999999999999999,0.7701149425287356
2025-01-24,CHOP,0.9,0.003422652976399077,0.024072969040508572,0.9725043779830923,0.007459416736732898,0.2857775808595481,16.700000762939453,0.09711299047171038,0.4954660458960412,0.0,-0.017243998441826044,0.9999999999999999,0.7638204099409406
2025-01-31,BEAR,0.8441101902678814,0.0012792403795320443,0.01433514016276803,0.9843856194577,0.12050490231217713,0.21887461231723526,17.389999389648438,0.09606063367835933,0.51539485810299,0.5588980973211863,0.011677045060706803,0.6563508532750069,0.3750576304428611
2025-02-07,CHOP,1.0,0.003959489090009199,0.027665494485148406,0.9683750164248424,0.014321665897819278,0.25786442179884805,14.180000305175781,0.08318948699137275,0.27866904717844115,0.0,-0.05352804514317047,1.0,0.7701149425287356
2025-02-14,BEAR,0.8192252361636916,0.0007919237808120438,0.013382627989853695,0.9858254482293343,0.17239551709493367,0.1630482941958352,14.960000038146973,0.03742549312042546,0.01657690337360443,0.8077476383630838,-0.013920953000912175,0.5048414541684111,0.5048414541684111
2025-02-21,BEAR,1.0,0.0015911877983046084,0.016628937446077824,0.9817798747556177,0.0057827706717098705,0.1333628710677891,14.680000305175781,0.04188028905153923,0.03016733802563688,0.0,0.0006638248704116422,0.7,0.39999999999999997
2025-02-28,BEAR,0.9,0.0018194554930635368,0.015132295840349167,0.9830482486665874,0.0044277300878731145,0.10323438192290652,13.3100004196167,0.1060305775375355,0.3950237745424127,0.0,0.0016955652395869698,0.67530472837428,0.38069527162572003
2025-03-07,BEAR,0.8478322034018294,0.0006352937735452505,0.010339111024962289,0.9890255952014926,0.109347338851459,0.10899424014178112,13.729999542236328,0.03926034439477676,-0.023017191700960837,0.5216779659817057,0.031415641147293054,0.654793857180905,0.37305399277268547
2025-03-21,BEAR,0.9,0.004513723923818465,0.026053917973223206,0.9694323581029582,0.015833229858512442,0.12937527691626052,12.600000381469727,0.08672908192869683,0.23772943746914688,0.0,-0.004186731064369444,0.6743225047598431,0.38167749524015687
2025-03-28,BEAR,1.0,0.0066881401720961286,0.029840718918349475,0.9634711409095544,0.011325947589540093,0.13779353123615418,13.300000190734863,0.13943026382093593,0.6320564090033854,0.0,-0.003240325667077586,0.7150000000000001,0.38500000000000006
2025-04-04,BEAR,0.8962974394346347,0.0038869313224746513,0.026365441513113014,0.9697476271644123,0.017057400777029063,0.1599468320779796,13.600000381469727,0.05283153108171438,0.05858980228055,0.037025605653652684,-0.014633998138755554,0.6818900677406826,0.3724808056105568
2025-04-11,BEAR,1.0,0.0010658444896185896,0.013568795231235907,0.9853653602791456,0.054686853064215,0.10988037217545414,21.43000030517578,0.014936900116392053,0.16414223400625208,0.2225938816024523,0.013717351754752381,0.7114273187294011,0.38857268127059896
2025-04-25,CHOP,0.8825647368462682,0.9756320395297547,0.01997606293551596,0.004391897534729248,0.4820605561434457,0.21267168808152415,16.25,0.02115121308787826,-0.033463889361529324,0.17435263153731734,-0.01939355747658079,1.0,0.75
2025-05-02,CHOP,1.0,0.9814259052390689,0.015316112988266482,0.0032579817726645604,0.006973654875910505,0.16260522817899867,18.219999313354492,0.08082603070885311,0.4472249724991366,0.0,-0.05288717997783721,0.9999999999999999,0.75
2025-05-09,CHOP,1.0,0.978181203781157,0.01756272786699879,0.004256068351844065,0.00667508857019775,0.15019937970757644,21.010000228881836,0.04498877915276577,0.3467797942705623,0.0,0.045619656739763856,0.9999999999999999,0.7613071085273173
2025-05-16,CHOP,1.0,0.984828445717744,0.013002139494228016,0.0021694147880279915,0.006459452685520912,0.2454585733274258,16.889999389648438,0.06860772187075748,0.3233091918109656,0.0,0.007038019179698158,1.0,0.7419327404590323
2025-05-23,CHOP,1.0,0.9698288348786371,0.025000535876730342,0.005170629244632611,0.08216521454465062,0.2773593265396544,17.260000228881836,0.0346169016236615,0.1138886569811457,0.34173515396926707,0.005775296296819968,1.0,0.7497216998947854
2025-05-30,CHOP,1.0,0.9785359992157542,0.018510458879585308,0.0029535419046603346,0.008801732489483963,0.3212228622064688,16.420000076293945,0.03536072207992981,0.0857918690580231,0.0,0.02903796790057609,1.0,0.7450373061364541
2025-06-06,CHOP,1.0,0.9815409582516813,0.016175227468363227,0.0022838142799554194,0.005500802771821993,0.34027470093043866,15.079999923706055,0.06172247210448795,0.19440084151674097,0.0,-0.030322914964024075,1.0,0.7475450036708083
2025-06-13,CHOP,1.0,0.9531833961034119,0.03777457280487983,0.00904203109170841,0.13583747741186608,0.3757199822773593,14.020000457763672,-0.02929390470167325,-0.467666098602157,0.5595242372374274,-0.00764604476658928,1.0,0.75
2025-06-20,CHOP,0.803535347095147,0.9437229963450616,0.043660467310945895,0.012616536343992481,0.2109651937007497,0.29862649534780683,14.260000228881836,-0.0015863217505838606,-0.27195987433203905,0.9646465290485297,0.016704565954916237,0.7666469171126463,0.7666469171126463
2025-06-27,CHOP,1.0,0.9854643991539811,0.01305281082882182,0.0014827900171969477,0.021987309436656968,0.39122729286663716,12.59000015258789,0.07270372455871732,0.14839284368604322,0.0,-0.022704107441375243,0.9999999999999999,0.750181410683621
2025-07-04,BULL,1.0,0.9864221017917697,0.012309112336106653,0.0012687858721235335,0.0034003030030756334,0.4231280460788657,12.390000343322754,0.08399878513094089,0.22209802133862994,0.0,-0.006402193452663246,0.9999999999999999,0.9999999999999999
2025-07-11,BULL,1.0,0.9874474172748907,0.011434527420786983,0.0011180553043222236,0.003195519573290743,0.4404076207354896,11.670000076293945,0.10127182879448775,0.3046977966785857,0.0,0.015514250586521582,0.9999999999999999,0.9999999999999999
2025-07-18,BULL,1.0,0.9841518584050273,0.014259917579685949,0.0015882240152867893,0.0449101840160867,0.488701816570669,11.239999771118164,0.055570211671473066,-0.015431824702038547,0.19969954701298115,-0.018796357667469107,1.0,1.0
2025-07-25,BULL,0.8136986832644841,0.9658384887863934,0.029127055360494605,0.00503445585311209,0.18868284321276083,0.4652193176783341,10.720000267028809,0.024207246510304065,-0.2495493508131652,0.8630131673551591,-0.013611071976322539,0.8486616194257945,0.8486616194257945
2025-08-01,CHOP,1.0,0.9791448118921497,0.018496027043636957,0.0023591610642133064,0.010630715232003075,0.3987594151528578,11.539999961853027,0.09695405724680861,0.2678625936566333,0.0,-0.021877816010379,1.0,0.7619837749962216
2025-08-08,CHOP,1.0,0.9715972975612059,0.02450282151764418,0.0038998809211498353,0.00985689812091347,0.34957908728400533,11.6899995803833,0.05575685963839956,-0.004552618201794721,0.0,0.03067778732817067,1.0,0.7682754618394596
2025-08-22,CHOP,1.0,0.9770766937180868,0.020105084741629444,0.002818221540283658,0.03544560698085815,0.38856889676561807,11.369999885559082,0.05699944047900169,-0.0034035881122813517,0.13915786572911187,-0.015968629191675562,1.0,0.7603651808636886
2025-08-29,CHOP,0.8496328543474476,0.9639090273509476,0.03009921678201316,0.005991755867039347,0.11507628687353566,0.3247673903411608,12.180000305175781,0.04989084299081378,-0.021364844581344827,0.5036714565255231,0.017890139610454603,0.9999999999999999,0.7666444126279071
2025-09-05,CHOP,1.0,0.9883271948280149,0.010501751911429746,0.0011710532605552083,0.013556947051188399,0.37660611431103236,10.850000381469727,0.14966405178965167,0.5832138376147692,0.0,0.020017234119702628,1.0,0.7654842247627482
2025-09-12,BULL,1.0,0.990532132403976,0.00862606682432083,0.0008418007717030182,0.0030541555827279035,0.40762073548958794,10.359999656677246,0.16276303835745184,0.6370768482704467,0.0,2.39772997902071e-06,0.9999999999999999,0.9999999999999999
2025-09-19,BULL,1.0,0.986228441781619,0.012434851164692352,0.001336707053688744,0.09304428195941207,0.4630039875941515,9.890000343322754,0.07200309869290926,0.011354509032561216,0.440429840624687,-0.0031304359725827877,0.9999999999999999,0.9999999999999999
2025-09-26,BULL,1.0,0.9877877895715658,0.011060284185478822,0.0011519262429553715,0.003374533839754004,0.4147097917589721,10.779999732971191,0.11093736073589303,0.3148788234574328,0.0,0.0138735761028953,0.9999999999999999,0.9999999999999999
2025-10-03,CHOP,0.9,0.990494451252645,0.008685190028181244,0.0008203587191736475,0.0032831792497913966,0.39787328311918474,10.289999961853027,0.14626671333647423,0.5288957634362247,0.0,0.0020469882853077115,1.0,0.7647574573074077
2025-10-10,BULL,0.8941124721433259,0.9890488245722229,0.009992681425499536,0.0009584940022774132,0.014807521605549047,0.4160389898094816,10.119999885559082,0.10153616092515044,0.2286807066442899,0.05887527856674095,-0.023114107723290075,1.0,1.0
2025-10-17,BULL,1.0,0.9896289409422778,0.009471833032740889,0.000899226024981244,0.002515109383065387,0.41293752769162606,10.869999885559082,0.10133747790409102,0.25090246740737965,0.0,-0.006990374791852925,0.9999999999999999,0.9999999999999999
2025-10-24,BULL,1.0,0.9890342031795158,0.00998491340998407,0.000980883410499897,0.005894103396427249,0.4359769605671245,11.729999542236328,0.05158098115706604,-0.034824691316939306,0.016185676784937958,0.009400548779135957,0.9999999999999999,0.9999999999999999
2025-10-31,BULL,1.0,0.9911039005692266,0.008159763863665815,0.0007363355671075021,0.002857850824945997,0.45281346920691184,12.069999694824219,0.07292435496579705,0.12505154880154157,0.0,-0.05315487784322772,1.0,1.0
2025-11-07,CHOP,1.0,0.988352026874256,0.010548720283838318,0.001099252841905651,0.003787788356266678,0.3943287549844927,12.40999984741211,0.104539884546648,0.35595276113717655,0.0,0.0033622807891390476,1.0,0.7367322416598965
2025-11-14,CHOP,1.0,0.9888605337351016,0.010087167224636056,0.0010522990402623516,0.002667181148412658,0.3916703588834736,12.15999984741211,0.07864916553620029,0.17575032908807023,0.0,-0.03175403992557673,0.9999999999999999,0.7537466143031653
2025-11-21,CHOP,1.0,0.9738808282874493,0.02225264996700992,0.003866521745540836,0.08382485652794294,0.3708462560921577,12.140000343322754,0.009505087046649811,-0.2793847700715985,0.3554342519244053,0.012108466416946946,1.0,0.7506422905151686
2025-11-28,CHOP,0.8697193177136822,0.975711005990692,0.021064217300024064,0.0032247767092838868,0.06688769868281341,0.3486929552503323,11.789999961853027,0.05387305475493322,-0.012114175986747914,0.3028068228631789,-0.02068354257569391,1.0,0.7701149425287356
2025-12-05,CHOP,0.86759163899176,0.9854533821742709,0.01280357478259002,0.0017430430431388249,0.0724587234728643,0.31546300398759414,10.819999694824219,0.11860320571224277,0.37610358061614846,0.3240836100824009,0.0006945565530424235,1.0,0.7701149425287356
2025-12-12,CHOP,1.0,0.9768840448031256,0.01982482446910969,0.0032911307277648377,0.012653772167851919,0.28666371289322107,10.399999618530273,0.052377638957788186,-0.07906420293249647,0.017580765829542995,-0.0025931012509119995,0.9999999999999999,0.7648716222938128
2025-12-19,CHOP,1.0,0.9777257323786525,0.019230124586701893,0.0030441430346455755,0.005442441540185757,0.2760301284891449,9.710000038146973,0.08642094043807708,0.10977128233773095,0.0,0.020252170989756187,0.9999999999999999,0.7683626714506827
2025-12-26,CHOP,0.9,0.9840406974808504,0.014099487785096367,0.0018598147340533058,0.0064055577466296185,0.31103234381922906,9.1899995803833,0.1173181213541934,0.29664078673587857,0.0,0.0017735873875691817,0.9999999999999999,0.7560277056483374
2026-01-02,CHOP,0.9,0.9789508138022914,0.01801186162842636,0.003037324569282207,0.007107749808749678,0.30571555161719094,,0.08193850234944047,0.5462820989024137,0.0,-0.02235097115587399,1.0,0.7651093757217468
2026-01-09,CHOP,1.0,0.9845194640459227,0.013523803253565036,0.001956732700512232,0.0059933463405519825,0.26982720425343376,10.600000381469727,0.10968483345510346,0.30802341515740894,0.0,0.015609352618834022,1.0,0.7676484520627461
2026-01-16,CHOP,1.0,0.9815630683830534,0.015866805674116045,0.0025701259428304716,0.0055317895602465875,0.24368630926007975,11.319999694824219,0.11840877602183461,0.3949865190780867,0.0,-0.028315192103198984,0.9999999999999999,0.7543853890766639
2026-01-23,CHOP,0.9,0.9707070199217337,0.023886474225670768,0.005406505852595468,0.011825118993766235,0.1843154630039876,13.350000381469727,0.12433711731352065,0.5217815388274889,0.0,-0.01882917446378832,0.9999999999999999,0.7632394009952976
2026-01-30,CHOP,0.9,0.9734877493874565,0.02187367127580187,0.004638579336741608,0.007481494249432275,0.1847585290208241,13.369999885559082,0.07386049385288494,0.16608266670846314,0.0,-0.03394124199929951,1.0,0.763554594373365
2026-02-06,CHOP,1.0,0.9554037554013477,0.03477013234886328,0.009826112249789166,0.1383609587205173,0.2259636685866194,12.170000076293945,0.015844315596844273,-0.2573325661565413,0.5966934502854,0.021602979287362413,1.0,0.7614830232685144
2026-02-13,CHOP,1.0,0.9833694735511672,0.014378239110060743,0.0022522873387721657,0.016361135924939776,0.25742135578201153,11.729999542236328,0.06653231824526164,0.058425965367925624,0.0,-0.0054693577680309914,1.0,0.7541159957950195
2026-02-20,CHOP,1.0,0.9822763031652328,0.015031193700908182,0.002692503133858984,0.00457516666739566,0.21976074435090828,13.460000038146973,0.04919793904240693,0.036438450979433726,0.0,0.01315347669051425,1.0,0.7627921195250956
2026-02-27,CHOP,1.0,0.986551245762694,0.011613489292080418,0.0018352649452254984,0.004980528005363833,0.22374833850243686,13.0600004196167,0.1220267602171381,0.510312741331417,0.0,-0.035275104834574016,0.9999999999999999,0.7691228313171212
2026-03-06,BEAR,1.0,0.000802180638712578,0.010677956763389933,0.9885198625978976,0.4464645325518654,0.1692512184315463,17.860000610351562,0.02450523880364297,0.06207170749633953,0.0,-0.016443161448388085,0.7020228238852755,0.39797717611472455
2026-03-13,BEAR,0.8494893034369164,0.0002000660184409696,0.0051542608246515015,0.9946456731569074,0.10488888645002821,0.1586176340274701,21.520000457763672,-0.05958217801943447,-0.3311948598050902,0.5051069656308351,-0.017519920539920856,0.6578570049623367,0.3759182885499067
2026-03-20,BEAR,1.0,0.00045798134762961215,0.006986698993822385,0.9925553196585479,0.031428308071326114,0.13114754098360656,22.799999237060547,0.011231899856328942,0.20676637313172488,0.14453558329623992,-0.002409737710035545,0.6994401221164165,0.3978058470288597
