date,market_state,regime_confidence,p_bull,p_chop,p_bear,transition_risk,breadth,vix,macro_score,news_bias,suppression_score,portfolio_return,base_long_return,base_short_return,gross_exposure,net_exposure
2019-12-06,CHOP,1.0,0.9675552493037615,0.02626223880932803,0.006182511886910512,0.013519541904102178,0.1876936697653829,14.3100004196167,0.028340963379219885,0.0,0.0,-0.0008292333823253175,-0.01305652196479751,0.048535043458318994,1.0,0.6029557456942619
2019-12-13,CHOP,0.8558314350708012,0.947065722353268,0.03877998434938357,0.014154293297348275,0.11097513117493563,0.1646746347941567,13.350000381469727,-0.02427376319028382,-0.37947544085923857,0.4416856492919877,-0.010795668254688685,-0.004154095135697045,-0.03406620700875931,1.0,0.555927502064955
2019-12-20,CHOP,1.0,0.9618395836387462,0.02965230708514889,0.008508109276105114,0.11007797336322918,0.183709606020363,12.119999885559082,0.0022645914328958856,-0.15854961001496293,0.4704801532864614,-0.001496052286786934,-0.0034519618816398214,0.0061211883457856124,1.0,0.59137597376263
2019-12-27,CHOP,0.8621811093784684,0.9740464057349519,0.021685077160182132,0.004268517104865876,0.08717527346033878,0.19256308100929614,11.119999885559082,1.2832964036240992,0.07771161794812176,0.3781889062153168,0.007948736297529483,0.02191286303370829,-0.06016359913400752,1.0,0.6597288341292201
2020-01-03,CHOP,0.9,0.985684029239897,0.012529912163816236,0.0017860585962869852,0.008457336448503215,0.24214254094732182,11.489999771118164,1.3083171447005995,0.2559272700322069,0.0,0.0140449062757458,0.0076008236079673245,0.052883629421720944,1.0,0.715385009741546
2020-01-10,CHOP,0.7902991022707679,0.9657029784982213,0.027501040588151202,0.006795980913627541,0.21721007331683528,0.2501106684373617,14.0,1.1815324268603495,-0.5087082908493787,1.0,0.03723424969449899,0.04571277429736272,0.0,0.8145261421301907,0.8145261421301907
2020-01-17,CHOP,0.9,0.9840879722479813,0.014144129632630559,0.0017678981193881118,0.01180923236167339,0.3235945108455069,14.180000305175781,1.2805631662149553,0.14812405743013818,0.0,0.00911457149213669,0.005234451961659422,0.03154475878789294,1.0,0.70504946551148
2020-01-24,CHOP,1.0,0.9509509251922798,0.03923119673618525,0.009817878071534983,0.11432449431478398,0.32138114209827356,15.859999656677246,-0.0014602841439624696,-0.1545565642268301,0.43819716281933613,0.0206890802095479,0.021944364337590446,0.01204929025477654,1.0,0.7462810045610948
2020-01-31,CHOP,0.8362583901693349,0.9321540406999257,0.05188816430156718,0.015957794998507097,0.15270256854260586,0.3050022133687472,16.799999237060547,-0.00539777929759374,-0.15969009437332327,0.6374160983066512,-0.0005573671511809864,-0.0006871023278210676,0.0,0.8111850718778727,0.8111850718778727
2020-02-07,CHOP,0.9,0.968757885815929,0.026165085080088007,0.005077029103982911,0.023735558959812282,0.28950863213811423,13.779999732971191,0.04000443397054077,0.05049073571963523,0.0,0.009488914702018462,0.006705549457788236,0.020299913166222497,1.0,0.5905118762559868
2020-02-14,CHOP,1.0,0.9726654227906547,0.023023503433175656,0.004311073776169726,0.008087521835729519,0.27578574590526783,13.369999885559082,0.07020653176155378,0.23911703113372332,0.0,-0.039639814996213725,-0.055187194575152615,0.021356818834966377,1.0000000000000002,0.5937662820046601
2020-02-28,BEAR,0.9,0.0007987004293398026,0.011152692371058254,0.988048607199602,0.4452319086864921,0.22487826471890218,17.770000457763672,0.004501706823487819,-0.06411226790784141,0.0,-0.01956142233965108,-0.04227305075678535,0.05762580851473329,1.0,0.5453075524034658
2020-03-06,BEAR,0.9,0.0005693162471088776,0.0076952501868829655,0.9917354335660081,0.0034258484011029334,0.17352810978308986,23.25,0.020704186899129333,0.19416945028331437,0.0,-0.09666992041622119,-0.17437738062398017,0.16685569957878896,1.0,0.5445490796989361
2020-03-13,BEAR,0.9,0.00011800554306381255,0.002367502964313521,0.9975144914926227,0.0031212788770647736,0.0849933598937583,41.15999984741211,-0.06267751411444059,0.253992026778327,0.0,-0.061109791385674,-0.06497758186227862,-0.049542796782799624,0.9999999999999999,0.4988215959356718
2020-03-20,BEAR,1.0,5.381439493551352e-05,0.0015539918147885212,0.998392193790276,0.000727290154875871,0.03939796370075255,72.19999694824219,-0.2834902544719228,-0.13887770599600646,0.0,0.00263618864182332,0.004544307389720627,-0.002446445739529982,0.9723881574951915,0.4623881574951916
2020-03-27,BEAR,0.9,9.685802836958709e-05,0.0018878448292482851,0.9980152971423821,0.0005859156687497197,0.036741921204072596,71.52999877929688,-0.1605146741287315,0.6489333343810311,0.0,0.010826297822993236,0.0014033860400966798,0.03845373495356127,0.9822378238597864,0.47223782385978647
2020-04-03,BEAR,1.0,7.440005330816805e-05,0.0018632300632852369,0.9980623698834066,0.0004235887674413235,0.04028331119964586,60.04999923706055,-0.1850260387295417,0.0979828733514107,0.0,-0.009650161333198915,0.17464473929266888,-0.1707005008477669,0.4611539448937468,-0.06115394489374677
2020-04-17,BEAR,0.9,0.0001861304001975434,0.0031155030924661696,0.9966983665073363,0.001311354297803863,0.08322266489597167,46.099998474121094,-0.07885020694092809,0.31370534531602384,0.0,0.007240924860910526,-0.012555948658197666,0.06402942681129725,0.9999999999999999,0.48301164817051584
2020-04-24,BEAR,0.7791921807457068,7.666205698844304e-05,0.0027045695991945954,0.997218768343817,0.20080575956905058,0.10004426737494466,39.22999954223633,-0.14084624702217885,-0.33819150333916204,1.0,0.001070984128598301,0.0015146578961465634,0.0,0.7070798834000656,0.7070798834000656
2020-05-08,BEAR,1.0,0.0003746390647665752,0.0048847315184232494,0.9947406294168102,0.00224196444674432,0.09384683488269145,39.93000030517578,-0.0398535887298865,0.4048001584126696,0.0,0.010401178775121363,0.004708570884635109,0.027742270637241037,1.0,0.5057148481027482
2020-05-15,BEAR,0.8760496278510734,0.0001652355782288329,0.0036160180646149574,0.9962187463571563,0.04935519476522339,0.09606020362992475,38.18000030517578,-0.10631413525134162,-0.1003036436072911,0.2395037214892658,0.022387101578780072,0.02173222550504276,0.024284193257404125,1.0,0.48676775156633784
2020-05-22,BEAR,0.9,0.0003838592913653972,0.0054867404312999475,0.9941294002773347,0.002191097538725885,0.10579902611775122,32.9900016784668,-0.03370309233676647,0.22017049962671487,0.0,-0.026483675384578922,-0.012852126417627516,-0.06657754346527613,1.0,0.4925474862349901
2020-05-29,BEAR,0.8654908364194033,0.00037601271972322633,0.0058686685853357855,0.9937553186949409,0.07051433363546608,0.11199645861000443,30.020000457763672,-0.010711239783229583,0.28061317218349646,0.34509163580596747,0.026186010181608863,0.06198323271632417,-0.0772104855001613,1.0,0.48564887850699495
2020-06-05,BEAR,1.0,0.00047246919789240395,0.008031637568869975,0.9914958932332376,0.024360783919393916,0.16423196104471005,29.690000534057617,-0.09077089154687534,-0.2660429584129498,0.10774363634348219,-0.006493814944892392,-0.027480079457578126,0.05488834955301403,1.0,0.4904294093071266
2020-06-12,BEAR,1.0,0.0002938793428941768,0.007153071763717652,0.9925530488933882,0.16968198669118895,0.20407259849490925,29.65999984741211,-0.07055223153904677,-0.14479068839105194,0.8382905027711,0.09608969465560382,0.1258912020824792,0.0,0.7632756941398451,0.7632756941398451
2020-06-19,BEAR,0.9,0.0009522192989895396,0.011299044521651772,0.9877487361793587,0.004802637345239478,0.23550243470562196,31.459999084472656,-0.03397421078361933,0.16157791661742638,0.0,0.04091137087093788,0.07594509824871405,-0.06028687104000863,0.9999999999999999,0.4856753879329514
2020-06-26,BEAR,1.0,0.0015728818284822573,0.014639274561971326,0.9837878436095465,0.005339409300202639,0.2957060646303674,29.729999542236328,0.005786363903916417,0.360283571424988,0.0,0.005582755789922994,-0.003837953040150373,0.03277010252184304,0.9999999999999999,0.4853204473468962
2020-07-03,CHOP,0.8777429652365952,0.0011041062875316553,0.014255452985352142,0.9846404407271162,0.04819047134179905,0.29880478087649404,26.510000228881836,-0.016290761332007027,0.09110098986762538,0.22257034763404787,-0.0007778554643465622,0.005615021350787868,-0.053061193349410056,0.9064553254030038,0.7064553254030037
2020-07-10,CHOP,0.889078414679504,0.0015389054779611745,0.018292532045318156,0.9801685624767208,0.02812958445391798,0.32669322709163345,24.90999984741211,-0.023571245311867276,-0.005351627253792818,0.10921585320495966,0.02943696204802962,0.028051603373921468,0.04064420228111233,0.9751755684824501,0.6445490161140124
2020-07-17,CHOP,1.0,0.0022039652780518324,0.01820749303448729,0.9795885416874608,0.004822361628159042,0.29393536963258077,25.360000610351562,0.044453608077860626,0.4581928417481197,0.0,0.006023710854163772,0.018682101131367465,-0.0540470800281048,0.9742419226813833,0.6393783898420135
2020-07-24,CHOP,1.0,0.9786032731324624,0.017899791231252682,0.003496935636284812,0.44435842103524925,0.32625055334218683,24.639999389648438,0.0444070059837362,0.43047565530332027,0.0,0.014956361095373736,0.01758673097458594,0.006188595033292546,0.9370357883330742,0.6697929276682163
2020-07-31,CHOP,0.8560720376901592,0.9424701189285088,0.04296018350885383,0.014569697562637339,0.11853575973828662,0.29836210712704736,24.729999542236328,-0.04129048974003427,-0.14705837109059983,0.43927962309840884,0.007283056241338603,0.015193783517383598,-0.020954208437737674,1.0,0.5623144275418461
2020-08-07,CHOP,1.0,0.9707437915415891,0.024534567676611108,0.004721640781799855,0.019518722523928247,0.3417441345728198,23.149999618530273,0.024181732128436013,0.2470021880638142,0.0,0.058961850374582916,0.07861693909842442,-0.08197007123275458,1.0,0.7552094819710914
2020-08-14,BULL,0.8707910955038918,0.9715064943323124,0.024524540811687298,0.003968964856000362,0.06525351935277963,0.40903054448871184,20.56999969482422,0.011165721277429711,0.10273516183672095,0.2920890449610827,0.051403541603121314,0.0514035416031213,0.0,1.0,1.0
2020-08-21,BULL,0.9,0.9735532612969761,0.023092943279369695,0.0033537954236543197,0.006881151959434297,0.4710048694112439,20.6200008392334,0.006805666282280195,0.07452338885607411,0.0,0.02315033450673747,0.02315033450673747,0.0,1.0,1.0
2020-08-28,BULL,0.8687195225741597,0.9779457561069869,0.019283437844545028,0.0027708060484681186,0.06950258750448171,0.5219123505976095,18.899999618530273,0.00438779964307328,0.023470555511606858,0.31280477425840286,-0.05044994816440417,-0.050449948164404186,0.0,0.9999999999999999,0.9999999999999999
2020-09-04,BULL,0.815309772200256,0.9550528546276811,0.037238901418256344,0.007708243954062505,0.19021333913045177,0.47587428065515713,20.5,-0.018928896374040036,-0.08910853287729965,0.8469022779974394,0.012592618255724617,0.015050982560156438,0.0,0.8366641981939636,0.8366641981939636
2020-09-11,BULL,1.0,0.9802198509681024,0.017541745217300394,0.0022384038145971926,0.015728858922488535,0.4386896857016379,21.260000228881836,0.06425900714443823,0.47325572220584916,0.0,0.07090626187070993,0.07090626187070993,0.0,1.0,1.0
2020-09-18,BULL,1.0,0.9827481453141468,0.015036493437057362,0.002215361248795879,0.005031175642649781,0.4710048694112439,20.100000381469727,0.0878251702253224,0.6008754279706474,0.0,-0.06871000769232079,-0.06871000769232079,0.0,0.9999999999999999,0.9999999999999999
2020-09-25,CHOP,0.8043119829002936,0.8907683620552078,0.07315439663669107,0.03607724130810096,0.261828712516514,0.3563523683045595,23.510000228881836,-0.048505927867753165,-0.20776872344657693,0.9568801709970645,0.06925903724757908,0.09620268799761501,0.0,0.7199282960710631,0.7199282960710631
2020-10-09,BULL,1.0,0.9839952913548702,0.014249522511969386,0.0017551861331604442,0.04550409714050607,0.4293935369632581,20.3799991607666,0.02329014251505387,0.1774853558599626,0.0,-0.021093146006006196,-0.021093146006006196,0.0,1.0,1.0
2020-10-16,CHOP,1.0,0.9669321495170651,0.027725882583502365,0.005341967899432447,0.01536037750348574,0.38689685701637894,22.059999465942383,-0.038091874520445684,-0.17753343684092157,0.0,0.03359855088945288,0.05697579864871547,-0.059534208729728415,0.9999999999999999,0.5987083292625773
2020-10-23,BULL,0.8976747342176608,0.9860778810563448,0.012370809854730488,0.0015513090889248495,0.016360796363870368,0.42452412571934484,22.639999389648438,0.0393594347352398,0.3692738260185128,0.02325265782339267,-0.01756612280052875,-0.017566122800528747,0.0,1.0,1.0
2020-10-30,BULL,1.0,0.9823945151240467,0.015332338528747796,0.002273146347205529,0.0056332409141658605,0.41478530323151835,24.020000457763672,0.03933891148320244,0.4156936151887965,0.0,0.026999911341645685,0.03435800514594797,0.0,0.7858404825004784,0.7858404825004784
2020-11-06,BULL,0.8379945993616111,0.9714199633098451,0.024570672330505,0.004009364359649941,0.13546722980312947,0.43736166445329794,20.969999313354492,0.018566624299019077,0.15805355802138057,0.620054006383889,0.006057224964427983,0.00791747466633187,0.0,0.7650450705179543,0.7650450705179543
2020-11-13,BULL,0.833890391339252,0.9792445633188939,0.01800259857278592,0.0027528381083202547,0.14044194228345316,0.47498893315626384,20.6200008392334,-0.000879142125259246,0.03505713513257558,0.6610960866074796,0.03899697374103445,0.04795940473812556,0.0,0.8131246405990862,0.8131246405990862
2020-11-20,BULL,0.863222316302811,0.9828177943433595,0.014975224865937197,0.00220698079070315,0.07904115864485622,0.5320938468348827,19.56999969482422,-0.021295873252646116,-0.14712055422129605,0.36777683697188956,0.028035037891962614,0.028035037891962614,0.0,1.0,1.0
2020-11-27,BULL,1.0,0.9928001257933917,0.006574202237936848,0.0006256719686714771,0.006057158387570411,0.567950420540062,20.020000457763672,0.06583890279474898,0.4558844065421607,0.0,0.049381473271635855,0.04938147327163586,0.0,1.0,1.0
2020-12-04,BULL,1.0,0.9907929448516012,0.00831854600179725,0.0008885091466016183,0.002922344282805836,0.6042496679946879,19.0,0.004259896339776174,0.008534854261734143,0.0,0.008132362222724515,0.008132362222724515,0.0,1.0,1.0
2020-12-11,BULL,0.8844303374053705,0.988825592579201,0.010019970951352807,0.0011544364694462087,0.034490402489888265,0.6308100929614874,18.709999084472656,0.007993614816934808,0.011648321964079111,0.15569662594629569,0.015520962604106044,0.015520962604106044,0.0,1.0,1.0
2020-12-18,BULL,0.885842449569238,0.9877845059482611,0.010863645047912974,0.0013518490038259342,0.03149705845656,0.6405489154493138,19.15999984741211,-0.009247252423809976,-0.07991963702602947,0.14157550430762034,0.018841001598375862,0.018841001598375862,0.0,1.0,1.0
2021-01-01,BULL,0.8503669349259819,0.9880285040344523,0.010659913575349726,0.0013115823901981016,0.1020325449579712,0.6392208942009738,21.100000381469727,0.050773662559635495,0.370540881108796,0.49633065074018007,0.0732377310396129,0.07323773103961291,0.0,1.0,1.0
2021-01-08,BULL,1.0,0.9852606650360346,0.013067581779094863,0.0016717531848705796,0.018108156106877025,0.6418769366976538,20.6200008392334,-0.005888721121343376,-0.008695163518852647,0.06790205463910942,0.011512019278836742,0.011512019278836742,0.0,1.0,1.0
2021-01-15,BULL,1.0,0.9918370430248833,0.007368117130406387,0.0007948398447105361,0.004750929458947318,0.6392208942009738,23.030000686645508,0.06826743568971186,0.5764033179477449,0.0,-0.004931757569505724,-0.004931757569505725,0.0,1.0,1.0
2021-01-22,BULL,1.0,0.9904913528892719,0.008572836191860377,0.0009358109188678512,0.0026944521669442865,0.6290393979637008,22.18000030517578,0.040474171549716956,0.35861922484246556,0.0,-0.007775652836201136,-0.0077756528362011345,0.0,1.0,1.0
2021-01-29,BULL,1.0,0.9571139021675836,0.032615260627357937,0.010270837205058394,0.13365950804129723,0.6051350154935813,24.290000915527344,-0.0481518616440061,-0.16126281993132377,0.540041341045213,0.05277619605074555,0.06658836034183385,0.0,0.7925738939931386,0.7925738939931386
2021-02-05,BULL,0.9,0.9843712125159413,0.013705242289381928,0.0019235451946767854,0.01577625619250803,0.6153165117308543,23.1200008392334,-0.01472382353908764,0.021927184793913118,0.0,0.043352610016609595,0.043352610016609595,0.0,1.0,1.0
2021-02-12,BULL,1.0,0.9856346221017256,0.012686116191807923,0.001679261706466529,0.007718941916711389,0.6042496679946879,23.049999237060547,0.01736532997738238,0.22630446557672435,0.019707398410801415,0.017948894450426738,0.01794889445042674,0.0,1.0,1.0
2021-02-19,BULL,0.9,0.9846657374395337,0.013602970205291054,0.0017312923551752297,0.0038491090811146526,0.6042496679946879,21.540000915527344,0.0035419045419990518,0.08802874792624316,0.0,0.006670754442629934,0.006670754442629934,0.0,1.0,1.0
2021-02-26,BULL,0.8537167936262333,0.9822020677538971,0.01514486504731019,0.0026530671987927746,0.09776526399504902,0.5971668880035413,22.889999389648438,-0.053607984220682206,-0.2304338144812461,0.46283206373766694,0.055561738927259505,0.055561738927259505,0.0,1.0,1.0
2021-03-05,BULL,1.0,0.9873435604511746,0.01119114721508294,0.001465292333742445,0.005138018090288476,0.6126604692341744,24.149999618530273,0.0644154556867874,0.5947777961627335,0.0,0.00521246612899341,0.006434508646186176,0.0,0.8100799012964126,0.8100799012964126
2021-03-12,BULL,0.8085267963111309,0.9550185436914548,0.03580372194177212,0.009177734366773322,0.20832450305467579,0.6011509517485613,20.75,-0.07957325927881145,-0.4790482524013483,0.9147320368886905,-0.03924052409011391,-0.04771070786454322,0.0,0.8224678661553871,0.8224678661553871
2021-03-19,BULL,1.0,0.9809240306722312,0.016501602120415525,0.002574367207353278,0.015987536448373856,0.5608676405489155,20.079999923706055,0.052450798488271805,0.3793091977195729,0.0,0.03916032961181917,0.03916032961181918,0.0,0.9999999999999999,0.9999999999999999
2021-03-26,BULL,1.0,0.9665396443133516,0.02720739538525238,0.00625296030139601,0.014415637059104702,0.5157149181053563,22.700000762939453,-0.025679807848977894,-0.06366116823048333,0.0,0.07309662135839602,0.07309662135839602,0.0,1.0,1.0
2021-04-09,BULL,1.0,0.9790878723027384,0.01789462377043049,0.0030175039268312558,0.01043262892004261,0.5559982293050022,20.309999465942383,0.005615561988560084,0.04841559283525679,0.0,-0.028594441880780433,-0.028594441880780433,0.0,1.0,1.0
2021-04-16,BULL,0.8517099718072354,0.9676232816461967,0.02674462416330876,0.005632094190494424,0.10934088468983251,0.5219123505976095,20.889999389648438,0.014295764039061208,0.12065938024226014,0.48290028192764634,-0.020857812300756187,-0.020857812300756184,0.0,1.0,1.0
2021-04-23,BULL,1.0,0.977773594691515,0.01862762511239361,0.0035987801960913972,0.009732677971308484,0.5170429393536963,23.030000686645508,0.02706341999080788,0.27143747784402295,0.0,0.05685989717190662,0.05685989717190662,0.0,1.0,1.0
2021-04-30,BULL,1.0,0.9876326660003704,0.01063504298454286,0.0017322910150868356,0.0072565070919281965,0.5436033643204958,23.309999465942383,0.05552954184470284,0.47785500105436945,0.0,0.05961929940740002,0.05961929940740002,0.0,1.0,1.0
2021-05-07,BULL,1.0,0.9824521457636352,0.014963011601629586,0.0025848426347352006,0.0063577734807508356,0.5586542718016821,22.040000915527344,0.015618847195243408,0.16535748734084713,0.0,0.03284368082632703,0.032843680826327035,0.0,0.9999999999999999,0.9999999999999999
2021-05-14,BULL,0.8250120646533466,0.9735581372721318,0.021738478297639023,0.004703384430229058,0.16020722394610268,0.582115980522355,20.079999923706055,-0.01753443186842031,-0.11625417158192888,0.7498793534665336,0.05479091420629124,0.0671370707275241,0.0,0.8161052249160564,0.8161052249160564
2021-05-21,BULL,0.8774268002539689,0.9871180495263658,0.01145159556077609,0.0014303549128578993,0.05411082108376601,0.6020362992474546,,0.009867079016192711,0.06594905202715368,0.2257319974603113,0.020479819519200713,0.020479819519200713,0.0,1.0,1.0
2021-05-28,BULL,1.0,0.9864534750162302,0.012007280468761644,0.0015392445150082337,0.07771691457089666,0.6246126604692341,19.90999984741211,0.005697849446577509,0.029055074077125917,0.3720035107078997,0.01540606402443438,0.01540606402443438,0.0,0.9999999999999999,0.9999999999999999
2021-06-04,BULL,1.0,0.993369441079846,0.006079054871864807,0.0005515040482889925,0.004548597322315777,0.6321381142098274,15.75,0.038237522270203314,0.10915229550710859,0.0,0.031111153316680212,0.03111115331668022,0.0,1.0,1.0
2021-06-11,BULL,1.0,0.9952416109620688,0.004411552157798338,0.0003468368801329026,0.0018635216306130218,0.6463036741921204,15.0,0.10302536767820245,0.5023856967152787,0.0,-0.0005085089053873996,-0.0005085089053873996,0.0,1.0,1.0
2021-06-18,BULL,0.7992514056473377,0.979848229054896,0.016973012083224055,0.003178758861879902,0.21159312781962453,0.6449756529437805,15.289999961853027,-0.04197560371897255,-0.44331841534955063,1.0,-0.0023068343143554633,-0.0027765561751172414,0.0,0.8308257311804815,0.8308257311804815
2021-06-25,BULL,1.0,0.9921931331625897,0.007140527807533229,0.0006663390298772044,0.007249848021919634,0.6423196104471005,15.100000381469727,0.05219871581995225,0.1805761082411671,0.0,0.05137444707650488,0.05137444707650488,0.0,1.0,1.0
2021-07-02,BULL,1.0,0.9909066995846153,0.008309366192566385,0.0007839342228181573,0.002554342037728998,0.6432049579459937,12.84000015258789,0.06136496695553416,0.16793665792696366,0.0,0.03095372695816745,0.030953726958167442,0.0,1.0,1.0
2021-07-09,BULL,0.8861276098539161,0.9858130796629544,0.01258081780863207,0.0016061025284136088,0.033195513830006934,0.6449756529437805,13.5600004196167,-0.0016019590406045545,-0.22904164362307333,0.13872390146083813,0.036620896422361895,0.0366208964223619,0.0,1.0,1.0
2021-07-16,BULL,1.0,0.9922367792301559,0.007130375933643823,0.0006328448362001405,0.004569877926449581,0.6498450641876937,12.270000457763672,0.07585133682231991,0.2381258677233694,0.0,0.01430463233816092,0.014304632338160917,0.0,1.0,1.0
2021-07-23,BULL,1.0,0.9910693818412578,0.008149869640115083,0.0007807485186269988,0.0024676021604779674,0.6471890216910138,11.890000343322754,0.10442509608478942,0.41557358658956206,0.0,-0.0012075752452466995,-0.0012075752452466995,0.0,0.9999999999999999,0.9999999999999999
2021-07-30,BULL,1.0,0.9872591122641607,0.011476104424516364,0.0012647833113228972,0.004515755519126127,0.6378928729526339,12.949999809265137,0.05394866514666505,0.11568381438337788,0.0,0.040326893890497706,0.0403268938904977,0.0,1.0,1.0
2021-08-06,BULL,1.0,0.9931471669904101,0.0063136722559523645,0.0005391607536374722,0.0041280233794576985,0.629924745462594,12.869999885559082,0.09360744098811097,0.380243192975346,0.0,-0.014655420004241554,-0.014655420004241559,0.0,0.9999999999999999,0.9999999999999999
2021-08-13,BULL,1.0,0.9923240311192559,0.007046644226027897,0.0006293246547162972,0.002031469849111486,0.6157591854803011,12.369999885559082,0.060490739998902476,0.15215694961802761,0.0,0.0016427297914293816,0.0016427297914293818,0.0,0.9999999999999999,0.9999999999999999
2021-08-20,BULL,1.0,0.9916218721367659,0.007604603305767048,0.0007735245574670909,0.002146302026260727,0.5905267817618415,12.90999984741211,0.011802318915307041,-0.15208505146475915,0.0,0.005666895586830196,0.0056668955868301955,0.0,0.9999999999999999,0.9999999999999999
2021-08-27,BULL,1.0,0.991627900066726,0.007639697173034281,0.0007324027602395993,0.0018394053474550486,0.5697211155378487,13.539999961853027,0.027961956160598975,-0.02247346585389054,0.0,0.06485020552804954,0.06485020552804954,0.0,1.0,1.0
2021-09-03,BULL,0.8945563322625798,0.9917247952628756,0.0075341115525442825,0.000741093184580134,0.012738108588401876,0.5909694555112882,14.239999771118164,0.02242679129764174,-0.034713777567618107,0.05443667737420213,0.08257560083176528,0.08257560083176528,0.0,1.0,1.0
2021-09-17,BULL,1.0,0.9927342447130997,0.00663563604663605,0.0006301192402643757,0.0020334271580337493,0.6086764054891545,14.40999984741211,0.019978134579533034,-0.05039418844561759,0.0,0.010484412571623528,0.010484412571623528,0.0,0.9999999999999999,0.9999999999999999
2021-09-24,BULL,0.8248349606123991,0.9863264080427487,0.012020909402733095,0.0016526825545181423,0.15627886017921352,0.5958388667552014,16.600000381469727,0.0014593681268817056,-0.10075419559167706,0.7516503938760086,-0.017048983758233608,-0.02141683106303638,0.0,0.7960553878420742,0.7960553878420742
2021-10-01,BULL,1.0,0.9840451167026185,0.014043629043114347,0.001911254254267096,0.06093878166348978,0.5931828242585214,18.399999618530273,-0.00758916260720505,-0.08800404242711257,0.28169486525050735,0.061445942761131994,0.061445942761131994,0.0,1.0000000000000002,1.0000000000000002
2021-10-08,BULL,1.0,0.9897346344535454,0.009299999740051417,0.000965365806403059,0.0048064292584886455,0.6162018592297477,16.15999984741211,0.032916059731383375,0.10785067148571442,0.0,-0.014330768358411062,-0.014330768358411064,0.0,0.9999999999999999,0.9999999999999999
2021-10-22,BULL,0.8826708701575694,0.9891281348826081,0.00980958561117033,0.0010622795062216236,0.037318013416505626,0.5861000442673749,18.040000915527344,0.06138237051738403,0.3632650816762206,0.1732912984243055,-0.015710843206496905,-0.0157108432064969,0.0,1.0,1.0
2021-10-29,BULL,1.0,0.986767985747627,0.011930024396311164,0.0013019898560617624,0.003968867932428408,0.5537848605577689,17.90999984741211,0.08354793605090963,0.48708460203594484,0.0,0.030384330112842146,0.03038433011284215,0.0,1.0,1.0
2021-11-12,BULL,1.0,0.9830400343113059,0.015132531393642054,0.0018274342950519915,0.005435058143093701,0.5785745905267817,16.350000381469727,0.022216055855543308,0.021395253730051682,0.0,0.012035155106150289,0.01203515510615029,0.0,0.9999999999999999,0.9999999999999999
2021-11-26,BULL,1.0,0.979774473615021,0.017857244030778815,0.0023682823542002327,0.005988264061164086,0.5232403718459495,16.65999984741211,0.0630860899412107,0.3116269288059677,0.0,0.001336562240483521,0.001336562240483521,0.0,1.0,1.0
2021-12-03,BULL,1.0,0.9775814224720799,0.019540189772380496,0.002878387755539607,0.006046266071015428,0.4803010181496237,18.09000015258789,0.05115370396819423,0.28275019527808726,0.0,0.0360314279096838,0.03603142790968379,0.0,1.0,1.0
2021-12-10,BULL,1.0,0.9863272071469619,0.012257136113373028,0.0014156567396651212,0.0069532930222375375,0.5205843293492696,16.600000381469727,0.11817625238626973,0.6827603684330559,0.0,0.0024247667382495688,0.0024247667382495688,0.0,1.0,1.0
2021-12-17,BULL,1.0,0.9757002446055406,0.021256495142859568,0.003043260251599597,0.012261868350429146,0.5157149181053563,15.899999618530273,0.014416327592552972,-0.037536412669298,0.01005566038788916,-0.03389357654125762,-0.03389357654125761,0.0,1.0,1.0
2021-12-24,BULL,1.0,0.9770998413871098,0.020168894219423156,0.0027312643934669853,0.005756103152977526,0.4701195219123506,15.829999923706055,0.033844385983216506,0.08827747818081642,0.0,0.02124292565168131,0.02124292565168131,0.0,1.0,1.0
2021-12-31,BULL,1.0,0.977337971858187,0.019731206285097367,0.002930821856715488,0.005315529570152274,0.4957945993802568,16.56999969482422,0.002967747214157629,-0.08971135017509599,0.0,0.08600192449463695,0.08600192449463695,0.0,0.9999999999999999,0.9999999999999999
2022-01-07,BULL,0.8325536832564975,0.9741571045115214,0.021736450705484467,0.004106444782994101,0.14231389184729928,0.5396193005754759,17.979999542236328,-0.044868084679264605,-0.3519166180714569,0.6744631674350258,0.04469265968368916,0.05296130057818854,0.0,0.8438739078491453,0.8438739078491453
2022-01-14,BULL,1.0,0.9930405953734809,0.006379346526511672,0.0005800581000074198,0.010005463433187072,0.5683930942895087,16.700000762939453,0.06248888288497296,0.32303067295882953,0.0,-0.01129424869521892,-0.01129424869521892,0.0,1.0,1.0
2022-01-21,BULL,1.0,0.9911645169105511,0.008040771801036573,0.0007947112884123303,0.0027702741838906706,0.5577689243027888,17.790000915527344,0.057495155047883426,0.32534268000840266,0.0,-0.049533814323850046,-0.049533814323850046,0.0,1.0,1.0
2022-01-28,BULL,0.894615618884398,0.9758845280000223,0.02105416028463682,0.0030613117153409936,0.023080113984005703,0.4803010181496237,21.06999969482422,-0.005683691139530196,0.007771299533145079,0.05384381115602003,0.04833645525128748,0.048336455251287484,0.0,0.9999999999999999,0.9999999999999999
2022-02-04,BULL,1.0,0.9830817864742295,0.015070732897378468,0.0018474806283919117,0.006991905144225765,0.518813634351483,19.15999984741211,0.035598031890832306,0.2117057168939109,0.0,-0.02004855431995193,-0.02004855431995193,0.0,1.0,1.0
2022-02-11,BULL,1.0,0.9759744070314645,0.020985556670569224,0.0030400362979660367,0.008611446602544509,0.4864984506418769,17.709999084472656,-0.007255018203907209,-0.11424061116510259,0.0,-0.04103909345081765,-0.04103909345081765,0.0,1.0,1.0
2022-02-18,BULL,1.0,0.9537197447229431,0.03842932597994001,0.007850929297116994,0.1094336078724446,0.41921204072598495,22.010000228881836,-0.025572854022150142,-0.09954068737483941,0.4429638645938755,-0.05930960333967568,-0.05930960333967568,0.0,1.0,1.0
2022-02-25,BEAR,0.8186908618114275,0.0001282934245207308,0.0038217532340034097,0.9960499533414758,0.6081235052137155,0.266489597166888,31.979999542236328,-0.09689873852776981,-0.24471845869112072,0.8130913818857248,0.03349292670368883,0.07228894790241684,0.0,0.46332015716843844,0.46332015716843844
2022-03-04,BEAR,1.0,0.00034127501853050167,0.0065469201613625105,0.993111804820107,0.0639318757202765,0.3368747233289066,28.15999984741211,-0.06565668455950148,-0.1661938065712292,0.305819074229879,0.03177967294227183,0.04854472319735278,-0.01996047491257549,1.0,0.510546623683109
2022-03-11,CHOP,1.0,0.0012668648905269446,0.012674219892024483,0.9860589152174486,0.006215390255811952,0.3470562195661797,25.579999923706055,0.01734603172731073,0.30185049566327543,0.0,0.03791288264821621,0.046967878428483684,0.0098232007948752,1.0,0.5124472006684209
2022-03-25,CHOP,0.9,0.9769118153355182,0.018692949531809055,0.004395235132672725,0.44724533999758004,0.3621071270473661,23.93000030517578,0.03640050701258122,0.3899716122882063,0.0,0.025692491006714856,0.026338402828876856,0.023648414516958895,1.0,0.5197660753392142
2022-04-01,CHOP,1.0,0.9849960661370794,0.012820023555896084,0.0021839103070245025,0.007075481694691556,0.3545816733067729,20.559999465942383,0.08351230332968913,0.5954576633800372,0.0,0.022898572880591918,0.036430178028833714,-0.020561842487668996,0.9999999999999999,0.5251403608572339
2022-04-08,BULL,1.0,0.975444654314095,0.02112229412035883,0.003433051565546216,0.0960744561884301,0.44710048694112436,19.0,-0.02024549730993527,-0.141099486101379,0.4308932070889843,0.04673789419139114,0.04673789419139114,0.0,1.0,1.0
2022-04-22,BULL,1.0,0.9870816807938031,0.011664256832108052,0.0012540623740888099,0.008071138231925798,0.45993802567507747,17.850000381469727,0.08701009334204488,0.5246763215714887,0.0,-0.017538200348575228,-0.017538200348575228,0.0,1.0,1.0
2022-04-29,BULL,1.0,0.9803650613315178,0.017418878323193745,0.002216060345288565,0.007392678560782568,0.4298362107127047,19.3799991607666,0.038736644828441164,0.253057531081682,0.0,-0.07298124980638318,-0.07298124980638317,0.0,1.0,1.0
2022-05-06,CHOP,1.0,0.001587894443936659,0.015810675038764734,0.9826014305172986,0.44497070936273214,0.3399734395750332,20.290000915527344,0.03193216101006924,0.24266419978224016,0.0,-0.04719317862701309,-0.07630979027814613,0.052110817600734244,1.0,0.54654300221668
2022-05-13,BEAR,1.0,0.0009028742852408162,0.009225229819245267,0.9898718958955138,0.005477905098142262,0.20495794599380257,24.270000457763672,0.052213952128557964,0.49607974578922875,0.0,0.01942737193008848,0.04067428224407409,-0.04070243588842107,1.0,0.4778135368056494
2022-05-20,CHOP,0.8562945537229087,0.0003630367805945486,0.007229644679346435,0.992407318540059,0.09014297639233487,0.25675077467906154,24.559999465942383,-0.042113521153081486,-0.1232285914796663,0.4370544627709122,-0.014462878265161242,-0.028887974735046118,0.029051515451825327,1.0,0.5020633967140613
2022-05-27,BEAR,0.9,0.0011584430251073954,0.011796818021622302,0.9870447389532703,0.005235901628422352,0.21204072598494908,22.719999313354492,0.03847728695426557,0.3477239042648154,0.0,0.011279831053813348,0.030826472341276875,-0.056655556832866015,0.9999999999999999,0.55312784872528
2022-06-03,CHOP,1.0,0.001982245971705775,0.018045956601611263,0.9799717974266828,0.007584913395968923,0.26914563966356797,20.31999969482422,0.036916583172471755,0.25189734343637943,0.0,-0.03022028922057928,-0.04894539201404753,0.03339194465474281,1.0,0.5451613192495715
2022-06-10,BEAR,0.8363595161347177,0.0007183852818649618,0.012831663518851882,0.9864499511992832,0.13304982374475094,0.24833997343957503,19.139999389648438,-0.03395662596588638,-0.2505000368778956,0.6364048386528223,-0.012246630723426305,-0.015349225607408484,0.0,0.7978663573434821,0.7978663573434821
2022-06-17,BEAR,0.891844356454775,0.00041651817418821035,0.007409255708383862,0.9921742261174279,0.020535669214967182,0.16733067729083664,22.8700008392334,-0.07003321048387562,-0.36047104575559186,0.08155643545225001,0.015095734981106255,0.018436233093989507,0.0037110268767420644,1.0,0.5462884439648024
2022-06-24,BEAR,0.9,0.0010579216493302808,0.011520989952159222,0.9874210883985104,0.004866278623676836,0.15272244355909695,20.8799991607666,0.036356146258582876,0.2786769393001022,0.0,-0.00597058178669057,-0.0024359461309797817,-0.01814880779058015,1.0,0.550096509180278
2022-07-01,BEAR,0.8185583690624634,0.0003118947986396678,0.007351712866611565,0.9923363923347488,0.1666902491391587,0.18548030101814963,21.84000015258789,-0.02269711879690162,-0.0874784448869031,0.8144163093753662,0.03270704481282234,0.0402542323570892,0.0,0.8125119496176976,0.8125119496176976
2022-07-08,BEAR,1.0,0.0013942578188198013,0.01711745562820386,0.9814882865529763,0.10806062021328985,0.2151394422310757,19.200000762939453,0.02275804162669256,0.12767339823941054,0.4959888917916176,0.0010026962022155021,-0.009530363371274957,0.03808230333582207,0.9999999999999999,0.5575522102852336
2022-07-15,BEAR,1.0,0.0016622102576100792,0.01972438474066245,0.9786134050017274,0.08040795144753736,0.217352810978309,18.34000015258789,-0.014701677369290393,-0.16068543652878287,0.3725224684914943,0.01212375179761,0.030634285855816117,-0.05116842548333506,0.9999999999999999,0.5474347058873857
2022-07-22,CHOP,1.0,0.002833288832321545,0.026295580301818514,0.97087113086586,0.09838633554729095,0.26604692341744135,16.860000610351562,0.02780436463606037,0.08222971350267054,0.4425494029642912,0.008832562795115401,-0.0012150747455130094,0.042342000530381035,1.0,0.5386449858267178
2022-07-29,CHOP,0.8171335787979567,0.001984194059887192,0.023130884212140383,0.9748849217279724,0.17295890275842024,0.27091633466135456,17.010000228881836,0.02971651053014021,0.09255704506528613,0.8286642120204334,0.045692351722040815,0.05560585362441239,0.0,0.8217183757427423,0.8217183757427423
2022-08-05,CHOP,0.9,0.9827441590809003,0.014867166851313212,0.002388674067786512,0.4452708872568331,0.3050022133687472,19.260000228881836,0.03504233657898528,0.1977279900878637,0.0,6.959334888964644e-05,0.013148920509405854,-0.04266111564565608,0.9999999999999999,0.5312912134951226
2022-08-12,CHOP,1.0,0.9839629109190666,0.013953602711522364,0.002083486369410916,0.0041725534172437325,0.32492253209384686,18.360000610351562,0.034850855907347184,0.17463468785050168,0.0,0.024544321515334495,0.024691460367274095,0.024019590134942946,1.0,0.5620021698860376
2022-08-19,CHOP,0.9,0.9816800255025986,0.015931261576998406,0.002388712920402998,0.005169035920971518,0.36387782204515273,17.350000381469727,0.0019657645537778327,-0.08144005976914591,0.0,-0.004414559937519779,-0.006997454213244165,0.004278532660195603,1.0,0.5418770339635084
2022-08-26,CHOP,1.0,0.9707303017442047,0.024883141555497586,0.0043865567002976825,0.09006407360035823,0.38601150951748564,19.56999969482422,-0.002420729723996008,-0.025151714947812084,0.392027234589312,0.02235990844512911,0.03569974181318299,-0.022497494955405147,0.9999999999999999,0.5415647165140308
2022-09-02,BULL,0.8741301823484657,0.9763055519330522,0.02073447677869789,0.002959971288249896,0.059579381759089535,0.42009738822487824,19.8700008392334,0.05055413343298469,0.3540819654328404,0.25869817651534316,0.007810872401625869,0.00781087240162587,0.0,0.9999999999999999,0.9999999999999999
2022-09-09,BULL,1.0,0.9819800327911731,0.01604186582105309,0.001978101387773816,0.006553130105474524,0.47277556440903057,18.309999465942383,0.03557100839509079,0.19536918887863908,0.0,0.017920905373267314,0.017920905373267317,0.0,1.0,1.0
2022-09-16,BULL,0.8292551991445665,0.9622550685016442,0.03181568268966269,0.005929248808693167,0.15910067170256498,0.48826914563966356,18.389999389648438,-0.008610401856769041,-0.09509374770815868,0.7074480085543359,0.002858347616541628,0.0033039043550474666,0.0,0.8651423616954441,0.8651423616954441
2022-09-23,BULL,1.0,0.9728589391131703,0.02368718738055491,0.0034538735062747523,0.010890728653807663,0.4448871181938911,18.81999969482422,-0.0007361965817421988,-0.029007165292217876,0.0,-0.05879161736747237,-0.05879161736747237,0.0,1.0000000000000002,1.0000000000000002
2022-09-30,CHOP,1.0,0.0019668469616404005,0.01615876727670593,0.9818743857616536,0.4443077227549178,0.35104028331119963,21.299999237060547,0.06867953860267403,0.5132062611020789,0.0,0.024753285785683133,0.035553997252491795,-0.01469289746433469,1.0,0.5700943699037478
2022-10-07,BULL,1.0,0.9767995679254339,0.02039545647579078,0.002804975598775445,0.44578231610796354,0.4116865869853918,19.31999969482422,0.048953405578874606,0.31770453516242225,0.0,-0.004772751704237228,-0.004772751704237228,0.0,1.0,1.0
2022-10-14,CHOP,1.0,0.9644980633940048,0.02924278630266203,0.006259150303333408,0.01388789442100885,0.37405931828242583,20.290000915527344,0.0297093013837714,0.22236630158250076,0.0,0.014076073702264286,0.018650308736872387,-0.0023788633470182307,0.9999999999999999,0.564962898552512
2022-10-21,CHOP,1.0,0.9810549422398361,0.01668624946136833,0.002258808298795643,0.011691368692416037,0.3753873395307658,17.229999542236328,0.06695027093030995,0.3728228906400855,0.0,0.0029801446414049765,0.008624796489883743,-0.015973637684729577,1.0,0.5410560031252478
2022-10-28,CHOP,1.0,0.9841921529417768,0.01404194254284026,0.0017659045153828926,0.0049264951305945616,0.38689685701637894,16.600000381469727,0.050426372977166505,0.22125107798151394,0.0,0.013941764208535986,0.021180680539370056,-0.013725995122777487,0.9999999999999999,0.5852417227639993
2022-11-04,BULL,1.0,0.9774090699842298,0.019516425717668144,0.00307450429810206,0.0498695855002709,0.4077025232403719,15.9399995803833,-0.013437542943496389,-0.21020052448785798,0.2084205565330015,0.008188736434781227,0.008188736434781227,0.0,1.0,1.0
2022-11-11,BULL,1.0,0.9884816497409334,0.010419351033039774,0.0010989992260269275,0.007506130787535307,0.4156706507304117,15.569999694824219,0.0650430927841732,0.28159328258091104,0.0,0.007026509855223771,0.007026509855223772,0.0,1.0,1.0
2022-11-18,CHOP,1.0,0.987553479208618,0.011190686118382054,0.001255834672999728,0.0031581478324182025,0.398406374501992,14.880000114440918,0.05078420644170213,0.15908785591262195,0.0,0.01748798078062326,0.013537190393444273,0.03067140935442589,1.0,0.5388420801466578
2022-11-25,CHOP,0.9,0.9875691107586007,0.011190025919840073,0.0012408633215593736,0.0027413847100838606,0.3975210270030987,13.479999542236328,0.04719642173961012,0.08414603238590121,0.0,0.0074461579670910836,0.024413584202945735,-0.0479640038051077,1.0,0.5311414291958252
2022-12-02,BULL,0.8914149519440223,0.9882705798072959,0.010640837751444757,0.001088582441259366,0.020049357710660902,0.4493138556883577,13.359999656677246,0.056828299641956834,0.14055570315138552,0.0858504805597767,0.010463466057695247,0.010463466057695246,0.0,1.0,1.0
2022-12-09,BULL,1.0,0.9884289600893595,0.010505501899155771,0.0010655380114846641,0.002598586711353669,0.4732182381584772,13.399999618530273,0.04758917807566662,0.08687936857424519,0.0,-0.009309885649977001,-0.009309885649977,0.0,1.0,1.0
2022-12-16,BULL,1.0,0.9833473719699414,0.014897808619123893,0.001754819410934634,0.05758634909239508,0.47366091190792387,13.729999542236328,0.05100446756461048,0.12287110080680594,0.2580907247522914,-0.041614808520466735,-0.041614808520466735,0.0,1.0,1.0
2022-12-23,CHOP,1.0,0.9778584331613391,0.019454429227125234,0.002687137611535475,0.007435763353910267,0.38556883576803896,15.1899995803833,0.037769655800802375,0.08927538268379664,0.0,0.039611259529037574,0.06049183707591996,-0.029581983413887555,1.0,0.536367449868629
2022-12-30,BULL,0.9,0.9782602737038992,0.019277999016928032,0.0024617272791727244,0.005021118959206707,0.4125719344842851,14.8100004196167,0.05069787092864779,0.16973855592417647,0.0,0.003545642978103343,0.003545642978103342,0.0,1.0,1.0
2023-01-06,BULL,1.0,0.9738863640461826,0.02299036253431141,0.0031232734195059822,0.007815641220637187,0.4302788844621514,14.979999542236328,0.0610903851123035,0.2434612337595148,0.0,0.03299058977006622,0.03299058977006623,0.0,1.0,1.0
2023-01-13,BULL,0.9,0.9739758911766758,0.022864760091192208,0.003159348732131945,0.005893212610494876,0.4214254094732182,15.279999732971191,0.06614232937904789,0.27903951309511865,0.0,0.008418730821998972,0.00841873082199897,0.0,1.0,1.0
2023-01-20,BULL,1.0,0.9857450270725218,0.012817928607444037,0.001437044320034252,0.008434514602633149,0.42009738822487824,13.960000038146973,0.1504967331365951,0.7874043128986105,0.0,-0.014166579082091903,-0.014166579082091903,0.0,1.0,1.0
2023-01-27,CHOP,1.0,0.9784337492214992,0.018919478265725372,0.002646772512775488,0.008132679691215419,0.38202744577246567,14.65999984741211,0.08613979376841667,0.3812931909685768,0.0,-0.0014093492149620677,-0.01747177144235752,0.051524572020011046,1.0000000000000002,0.5343978703405903
2023-02-03,CHOP,1.0,0.9722243969623686,0.0237498017826664,0.0040258012549650325,0.009154489375128028,0.3390880920761399,15.729999542236328,0.06130627673800258,0.252875869758592,0.0,0.008951146395168802,0.009268544179089129,0.007923742508274694,1.0,0.5279634301344891
2023-02-10,CHOP,0.8398562780767511,0.9576274940431608,0.034233801678938455,0.00813870427790084,0.13695829220708935,0.35413899955732625,13.039999961853027,-0.011056419657029727,-0.30347683443778173,0.6014372192324892,-0.015387464629005155,-0.019600893587259135,0.0,0.7850389351130007,0.7850389351130007
2023-02-17,CHOP,1.0,0.975006996403026,0.021431708998159937,0.003561294598814027,0.013531635701096972,0.3386454183266932,12.890000343322754,0.028549683103155393,-0.03389501141301218,0.0,0.010115261086033646,-0.0022832679062049547,0.05152276738333019,0.9999999999999999,0.5391398408925321
2023-02-24,CHOP,1.0,0.9674488181183896,0.027169170964416497,0.005382010917193977,0.010987818787847289,0.29924745462594066,15.079999923706055,0.02486391458996562,0.012206374090012254,0.0,0.005253313342207633,0.003949229849751217,0.009475291272233812,1.0,0.5280242499112313
2023-03-03,CHOP,1.0,0.0019585930194096547,0.020265204964051448,0.9777762020165388,0.5004473324963712,0.28463922089420096,12.970000267028809,0.042537011777193885,0.06836730642325432,0.2901673415054587,0.02408627662911776,0.0259728836471235,0.017691655306041082,1.0,0.5443654152980049
2023-03-10,CHOP,1.0,0.9811696111306826,0.01628984737647839,0.0025405414928389262,0.4449191442225041,0.30323151837096063,12.729999542236328,0.0926376101722679,0.38189590186276023,0.0,-0.006656883709349349,-0.028946215244806273,0.07025614532231246,1.0,0.5506290090672524
2023-03-17,BEAR,0.8464654618858327,0.0005602039200829924,0.010442815305890585,0.9889969807740265,0.5532871185340802,0.24524125719344844,16.219999313354492,0.006292369774585766,-0.09497085538572386,0.5353453811416727,0.02358764239018346,0.029475219906307974,-0.00039625459365354583,0.9999999999999999,0.6058060330344862
2023-03-24,BEAR,1.0,0.0029312770572345694,0.021677281256636653,0.9753914416861288,0.011630459663775128,0.24701195219123506,14.489999771118164,0.09300764589123471,0.4211468831756016,0.0,0.013813905054100479,0.01432729194189618,0.01207648792617813,1.0,0.5438191115614114
2023-03-31,BEAR,1.0,0.0030585289072239214,0.023256260569345478,0.9736852105234306,0.006642467699972845,0.21602478972996902,13.630000114440918,0.07248888077473821,0.25777819370907445,0.0,0.029482722239970966,0.04551597498574956,-0.02808904567871651,1.0000000000000002,0.5643435026296003
2023-04-21,CHOP,1.0,0.9890228668172804,0.009808966208705418,0.0011681669740140784,0.4461130120908722,0.3333333333333333,11.9399995803833,0.07006846552371981,0.19904092265451154,0.0,0.02755170358379187,0.03373532061776708,0.006615403995407497,1.0,0.5439796427045799
2023-04-28,CHOP,0.8654177899999141,0.9886379317910609,0.010132665412284882,0.0012294027966541742,0.07185593496308916,0.34926958831341304,11.430000305175781,0.08837394767516579,0.30610340845978523,0.3458221000008585,0.011639525690579793,0.018381593887730013,-0.013051519506104994,0.9999999999999999,0.5710212912938786
2023-05-05,CHOP,1.0,0.9877737001939904,0.010996051147091002,0.0012302486589186954,0.0030802139116674334,0.3837981407702523,11.729999542236328,0.04337607948186032,0.0077372005500925545,0.0,0.029380801251130812,0.028630050975274914,0.03196353181554264,1.0,0.5495697669613107
2023-05-12,CHOP,0.8549446388927952,0.9794212390654856,0.017977407728870635,0.002601353205643938,0.09850535255026852,0.3979637007525454,13.220000267028809,0.023359266254504192,-0.07223114072062259,0.45055361107204844,0.023278700608320328,0.03268013502406479,-0.009259291901763417,1.0,0.5516660524536334
2023-05-19,CHOP,0.9,0.9844586170246323,0.013850237142799525,0.001691145832568041,0.005713325843203225,0.3904382470119522,12.800000190734863,0.03175879418663827,-0.027324980401168403,0.0,0.020349883109433222,0.017474676117295633,0.029724932034395763,1.0,0.5305882568340329
2023-05-26,BULL,1.0,0.9872367182308309,0.011533171383267172,0.001230110385901728,0.0040488239738035395,0.4077025232403719,12.520000457763672,0.06762791338577814,0.2112594714420011,0.0,0.015402009854765008,0.015402009854765013,0.0,0.9999999999999999,0.9999999999999999
2023-06-02,BULL,1.0,0.984102819848327,0.014325201891908203,0.0015719782597646275,0.0049040859544142775,0.42806551571491813,11.600000381469727,0.0409118645679821,0.005776512245202536,0.0,0.031508297064989435,0.031508297064989435,0.0,1.0,1.0
2023-06-09,BULL,1.0,0.9846711056392592,0.013637473710578338,0.001691420650162545,0.0037135406837791657,0.4767596281540505,11.260000228881836,0.001753386989254431,-0.2651192346460371,0.0,0.03840966443247806,0.038409664432478056,0.0,1.0,1.0
2023-06-16,BULL,1.0,0.9767882132639489,0.019810632075605683,0.003401154660445248,0.14301752460360898,0.49712262062859675,11.079999923706055,-0.023803658821400196,-0.4492988596938964,0.6707381737771008,0.011672446072837937,0.014145317309680982,0.0,0.8251809285924874,0.8251809285924874
2023-06-23,BULL,1.0,0.9856586514995902,0.012890764510342649,0.0014505839900672815,0.045761182312297435,0.5139442231075697,11.550000190734863,0.03516134400186834,-0.041527985025357095,0.19305549304081757,-0.0035846995772972133,-0.0035846995772972124,0.0,1.0,1.0
2023-06-30,BULL,0.9,0.9917037674805236,0.0076342701337670255,0.000661962385709429,0.004511941172457222,0.5081894643647632,10.890000343322754,0.12544819264884904,0.5375773659533412,0.0,0.03377922344425909,0.03377922344425909,0.0,1.0,1.0
2023-07-07,BULL,1.0,0.9874855998719781,0.01116109630510854,0.0013533038229131822,0.0634880189112888,0.5418326693227091,11.84000015258789,0.0077852135965498365,-0.21260003140033645,0.2940815134862819,0.002030436756319015,0.002030436756319015,0.0,1.0,1.0
2023-07-14,BULL,1.0,0.9870007174121497,0.0117193831243964,0.0012798994634539704,0.08238873256726309,0.5219123505976095,10.9399995803833,0.05160232930619608,0.0398971713623065,0.3964083354416137,0.021498550425515687,0.021498550425515687,0.0,1.0,1.0
2023-07-21,BULL,1.0,0.9935126723727284,0.005983202091703009,0.0005041255355687824,0.00432867036482847,0.5555555555555556,11.789999961853027,0.05860392945418305,0.1169058497888874,0.0,0.014622594113077397,0.014622594113077397,0.0,1.0,1.0
2023-07-28,BULL,1.0,0.9938376612482862,0.005707635897209662,0.0004547028545042032,0.001469653315244632,0.5559982293050022,10.510000228881836,0.11747432522611055,0.4700354883677286,0.0,0.005786747738551452,0.005786747738551453,0.0,1.0,1.0
2023-08-04,BULL,1.0,0.9860323924849154,0.012608713298678784,0.0013588942164060598,0.006577671289815059,0.5701637892872953,11.1899995803833,0.09632730833199496,0.3510990563320616,0.0,0.01273071622730975,0.012730716227309752,0.0,0.9999999999999999,0.9999999999999999
2023-08-11,BULL,1.0,0.9885732016380627,0.010362901878570729,0.0010638964833665043,0.003641503087977117,0.5958388667552014,11.399999618530273,0.0866261103028507,0.29923823595311516,0.0,0.004211768856442944,0.004211768856442944,0.0,1.0,1.0
2023-08-18,BULL,0.826502241549998,0.955250819189416,0.035671337602115535,0.009077843208468389,0.1727559938057055,0.5785745905267817,12.239999771118164,-0.06694634214088621,-0.6898508444867688,0.73497758450002,0.03012875400878808,0.037089529680494636,0.0,0.8123250488299606,0.8123250488299606
2023-08-25,BULL,0.9,0.986652754684586,0.012031320204967189,0.0013159251104466999,0.017063505057998637,0.6064630367419213,11.699999809265137,0.061735044235414246,0.14505900718061734,0.0,0.021010800797509308,0.021010800797509305,0.0,1.0,1.0
2023-09-01,BULL,1.0,0.9894258517911781,0.009601761892422463,0.0009723863163993531,0.0035572006030106956,0.6321381142098274,12.0600004196167,0.08940462250168038,0.33276255555890943,0.0,0.06123665426424337,0.061236654264243386,0.0,1.0,1.0
2023-09-08,BULL,1.0,0.9925128663980803,0.006860782465978528,0.000626351135941114,0.06912037815924509,0.6755201416555998,10.869999885559082,0.08561428106193197,0.27083433664118595,0.33054262319283473,-0.016639635760526048,-0.016639635760526048,0.0,1.0,1.0
2023-09-15,BULL,1.0,0.9956182748561224,0.004079453922007715,0.00030227122186991264,0.0023342330792684124,0.6733067729083665,11.319999694824219,0.09300799552409413,0.3279481209956123,0.0,-0.012400985506543916,-0.012400985506543916,0.0,1.0,1.0
2023-09-22,BULL,0.9,0.9910365783452126,0.008165032334208835,0.000798389320578542,0.004014125624982571,0.6635679504205401,10.819999694824219,0.05090170608032474,0.03669476940416823,0.0,0.014300464113280089,0.014300464113280089,0.0,1.0,1.0
2023-09-29,BULL,1.0,0.9921033246960198,0.00721893254142701,0.0006777427625532093,0.002194919471169896,0.6609119079238601,12.819999694824219,0.09955419563623619,0.4348986075402765,0.0,0.007210184879528421,0.007210184879528421,0.0,1.0,1.0
2023-10-06,BULL,1.0,0.9913912513681312,0.007862024111968896,0.0007467245198999206,0.0021915276279035976,0.6728640991589199,10.9399995803833,0.08200144820527396,0.25741686940455366,0.0,0.014266557530756285,0.014266557530756285,0.0,1.0,1.0
2023-10-13,BULL,0.9,0.9929050471260884,0.0065187431257254696,0.0005762097481860614,0.0022154406155002874,0.6795042054006197,10.619999885559082,0.12334067994130254,0.5195488108791606,0.0,0.03569418775937973,0.03569418775937972,0.0,0.9999999999999999,0.9999999999999999
2023-10-20,BULL,1.0,0.9930689704630008,0.006370090095043096,0.000560939441956129,0.0015721592974016225,0.687029659141213,10.899999618530273,0.13316568282573366,0.5953755371289201,0.0,-0.06632739454158405,-0.06632739454158405,0.0,1.0,1.0
2023-10-27,BULL,1.0,0.9843429100220861,0.014060154052151313,0.001596935925762478,0.007377532379146875,0.5900841080123949,11.729999542236328,0.07170209992996385,0.20500091681413024,0.0,0.026252106474049512,0.02625210647404952,0.0,1.0,1.0
2023-11-03,BULL,1.0,0.9920266406710633,0.0073059830840378846,0.0006673762448989064,0.005185825906806817,0.6334661354581673,11.079999923706055,0.1361031030824681,0.6053224697546127,0.0,0.012499753706369104,0.012499753706369104,0.0,1.0000000000000002,1.0000000000000002
2023-11-10,BULL,1.0,0.9909549183460904,0.008259092993250764,0.0007859886606588643,0.002448489109151471,0.6449756529437805,10.979999542236328,0.10532844392444192,0.3994832308138464,0.0,0.0266166879428158,0.026616687942815805,0.0,0.9999999999999999,0.9999999999999999
2023-11-17,BULL,1.0,0.9846945355143295,0.013389722171259498,0.0019157423144109855,0.099292305267334,0.6617972554227535,11.649999618530273,0.004308990400683554,-0.25833007499309385,0.46515445816512657,0.016405470300225603,0.016405470300225603,0.0,0.9999999999999999,0.9999999999999999
2023-11-24,BULL,1.0,0.9926878216097583,0.006646985014821203,0.0006651933754203439,0.005192453096075404,0.6746347941567065,11.319999694824219,0.024232475835366644,-0.13807465521304443,0.0,0.023547319521257083,0.023547319521257083,0.0,1.0,1.0
2023-12-01,BULL,0.9,0.9943110926489553,0.005237420487526663,0.0004514868635178975,0.0019585508105511673,0.6755201416555998,12.6899995803833,0.031060615205181583,-0.04969710005564105,0.0,0.008148408669980026,0.008148408669980026,0.0,1.0,1.0
2023-12-08,BULL,0.8843865257279095,0.9949441188799525,0.004670018814079835,0.00038586230596781017,0.03260015903333268,0.699867197875166,12.670000076293945,0.052349419895066224,0.0916507531466185,0.15613474272090475,0.02398989831486031,0.02398989831486031,0.0,1.0,1.0
2023-12-15,BULL,0.8515602269288358,0.9946849591378524,0.004892539400486237,0.00042250146166130504,0.09814367649103506,0.703851261620186,12.319999694824219,0.08884018649242104,0.32031009362777196,0.4843977307116413,-0.008678410240874712,-0.00867841024087471,0.0,1.0,1.0
2023-12-22,BULL,0.8436942704563741,0.9899047580911128,0.008934304312262453,0.0011609375966248918,0.11701378545938695,0.6949977866312528,13.760000228881836,-0.011794620376106721,-0.30033446824689913,0.5630572954362583,0.028740543971658577,0.02874054397165858,0.0,0.9999999999999999,0.9999999999999999
2023-12-29,BULL,1.0,0.9951701959443687,0.004467515044423417,0.00036228901120785524,0.003407865647333025,0.703851261620186,15.140000343322754,0.06301613126875306,0.24835487740290835,0.0,0.02404050428041341,0.0240405042804134,0.0,1.0,1.0
2024-01-05,BULL,1.0,0.9956166172638907,0.004074664935004481,0.0003087178011048206,0.00113930970122772,0.7268702965914121,13.329999923706055,0.10751929014927522,0.4891285256177182,0.0,0.03978143505962987,0.03978143505962987,0.0,1.0,1.0
2024-01-12,BULL,1.0,0.995604155088958,0.004087624348427884,0.00030822056261423856,0.0009466448307717385,0.7295263390880921,12.770000457763672,0.10522954737728486,0.45550893025702827,0.0,-0.0013384464650187152,-0.0013384464650187152,0.0,1.0,1.0
2024-01-19,BULL,1.0,0.9931034955746789,0.006318392768817441,0.0005781116565036585,0.0026202199977905273,0.7016378928729526,14.069999694824219,0.1135140612419929,0.5615847308803263,0.0,0.05107578601973362,0.05107578601973361,0.0,1.0000000000000002,1.0000000000000002
2024-02-02,BULL,1.0,0.9916093618452241,0.007642177507692919,0.0007484606470831939,0.0025001799386265462,0.7122620628596724,14.460000038146973,0.09089846475925006,0.41747882075206866,0.0,0.038378112006626594,0.0383781120066266,0.0,1.0,1.0
2024-02-09,BULL,1.0,0.9878410853412488,0.010906741879833204,0.0012521727789178271,0.004377941914322603,0.7007525453740593,15.829999923706055,0.03519310817526297,0.0964459165305825,0.0,-0.01591210555074399,-0.01591210555074399,0.0,1.0,1.0
2024-02-16,BULL,0.8112553919012059,0.9707917237958992,0.024599644877978277,0.004608631326122563,0.19192481039904022,0.6741921204072598,15.229999542236328,-0.0017354014552274227,-0.16516762403974358,0.8874460809879408,0.0036790114258951462,0.004684810259061742,0.0,0.785306388616039,0.785306388616039
2024-02-23,BULL,1.0,0.9913848178675165,0.00783963817026663,0.00077554396221684,0.011145037551167867,0.6848162903939796,15.199999809265137,0.023662923502371116,0.001702092395111876,0.0,-0.045043244631536465,-0.04504324463153646,0.0,1.0,1.0
2024-03-01,BULL,1.0,0.9836415709431886,0.014329064516933759,0.0020293645398778357,0.007162019835285449,0.6489597166888004,15.569999694824219,-0.013013513844976971,-0.22391262063099404,0.0,-0.1029216424905998,-0.10292164249059978,0.0,0.9999999999999999,0.9999999999999999
2024-03-15,BULL,1.0,0.986732277913506,0.012007329498015161,0.0012603925884787728,0.004296441071637442,0.4900398406374502,13.619999885559082,0.059362895596227386,0.17820455159200477,0.0,0.04401531978946095,0.04401531978946096,0.0,1.0,1.0
2024-03-22,BULL,0.8392184403209832,0.9702531246937118,0.025082707425346632,0.004664167880941454,0.13586094694438686,0.4962372731297034,12.510000228881836,-0.028826915678320818,-0.44881630481676343,0.6078155967901677,0.09395058506971188,0.11726873451648284,0.0,0.8011562967493825,0.8011562967493825
2024-04-05,BULL,0.7987174161257136,0.9830976130285851,0.014933693695632778,0.0019686932757820015,0.20955423580013235,0.6091190792386012,11.220000267028809,0.0506243655305108,0.03937249575143606,1.0,0.026552830913311096,0.03400176186261341,0.0,0.78092514795556,0.78092514795556
2024-04-12,BULL,1.0,0.9942665410696989,0.005310231559417892,0.0004232273708831118,0.006257354878738036,0.6148738379814077,11.109999656677246,0.08732224258611573,0.2885785802484609,0.0,-0.004339795392220471,-0.004339795392220471,0.0,0.9999999999999999,0.9999999999999999
2024-04-19,BULL,0.8331648921342478,0.9751277360734983,0.02114284572333301,0.0037294182031687253,0.1480030144057286,0.5706064630367419,13.039999961853027,-0.02435511055884234,-0.3960809115711643,0.6683510786575211,0.032763615945127486,0.03989224505678639,0.0,0.8213028847709288,0.8213028847709288
2024-04-26,BULL,0.8853110996603258,0.994837927917841,0.00478832181461843,0.0003737502675404735,0.03935455147924248,0.6077910579902612,10.729999542236328,0.12759755891648167,0.5439970341964708,0.1468890033967417,0.015651919199011346,0.01565191919901135,0.0,0.9999999999999999,0.9999999999999999
2024-05-03,BULL,1.0,0.991750452742691,0.007556563057438349,0.0006929841998705329,0.003177870120253384,0.6179725542275343,13.449999809265137,0.07029628967323706,0.25139982447259485,0.0,-0.046003714967557126,-0.046003714967557126,0.0,1.0,1.0
2024-05-10,BULL,0.9,0.9657946665166804,0.028923496311728965,0.005281837171590472,0.019577537932686764,0.5068614431164232,18.200000762939453,-0.004908014989831044,-0.09216468223657825,0.0,0.045690772586995214,0.045690772586995214,0.0,1.0,1.0
2024-05-17,BULL,1.0,0.9653241314953602,0.028724244681618317,0.005951623823021435,0.19405095497829436,0.5537848605577689,20.0,-0.033167033398823945,-0.22644111548600335,0.9281202625980911,0.0067724555361640525,0.007958761847770836,0.0,0.8509433584899824,0.8509433584899824
2024-05-24,BULL,1.0,0.9848852970630106,0.013303442505063939,0.0018112604319256013,0.01218771717922563,0.5613103142983621,21.3799991607666,-0.02577684613419603,-0.13010381784208155,0.0,-0.01708144141300207,-0.01708144141300207,0.0,1.0,1.0
2024-05-31,BULL,1.0,0.981991558135113,0.015754925149815493,0.002253516715071482,0.0053545742335456,0.4904825143868969,24.18000030517578,0.06794439888325916,0.5883205019901661,0.0,0.01838294493525541,0.02301096396131545,0.0,0.7988776552846563,0.7988776552846563
2024-06-07,BULL,0.8974630307115917,0.9880513541219481,0.01078468705990165,0.0011639588181502477,0.010423367710132723,0.49269588313413015,16.799999237060547,0.0383963685148823,0.14210774195426246,0.02536969288408248,0.07044089560118336,0.07044089560118334,0.0,1.0,1.0
2024-06-14,BULL,1.0,0.9906446501830363,0.00840614393776552,0.0009492058791981724,0.06116960320630277,0.6046923417441346,13.489999771118164,0.005932659990466143,-0.17981495310414966,0.2897085441979035,0.10734587401442491,0.10734587401442494,0.0,1.0,1.0
2024-06-21,BULL,1.0,0.9914305783965793,0.007760713747166449,0.0008087078562542756,0.05323646937984714,0.6272687029659141,13.350000381469727,0.02070543302384939,-0.08813158591935732,0.2550358789590889,0.010364131480108358,0.010364131480108358,0.0,1.0,1.0
2024-06-28,BULL,1.0,0.9927745068753899,0.006602531520718973,0.000622961603891193,0.0021744587611650127,0.6135458167330677,14.149999618530273,0.022303904945116214,-0.052420232941208414,0.0,0.007507964722642652,0.00750796472264265,0.0,1.0,1.0
2024-07-05,BULL,0.8509541242863466,0.9918542174033808,0.007373405747231957,0.0007723768493872748,0.1002895135789121,0.6573705179282868,12.859999656677246,0.02705799281287289,-0.05773018886242779,0.4904587571365335,0.04646567095586132,0.04646567095586132,0.0,1.0,1.0
2024-07-12,BULL,0.824999408540065,0.9861726002798428,0.01211281485388086,0.0017145848662762787,0.15566630754274863,0.6573705179282868,14.0,-0.00344530568786151,-0.2258459770864426,0.7500059145993493,0.02849051272749543,0.03495286880433641,0.0,0.8151122841155967,0.8151122841155967
2024-07-19,BULL,0.9,0.9946915422955657,0.0049106352632741854,0.0003978224411600718,0.004974779936194176,0.6414342629482072,14.510000228881836,0.09320364854100929,0.436037881770753,0.0,0.01969381596546703,0.01969381596546703,0.0,1.0,1.0
2024-07-26,BULL,1.0,0.9927216788645942,0.006695108483642836,0.0005832126517628305,0.002458745301370893,0.629924745462594,12.619999885559082,0.08283359304967725,0.3086126504298901,0.0,0.002784481817077458,0.002784481817077458,0.0,1.0,1.0
2024-08-02,BULL,0.82437297750887,0.9867111578280547,0.01181138120102326,0.0014774609709220776,0.15691204007727644,0.6631252766710934,12.930000305175781,0.02960887238869389,-0.04190953657733397,0.7562702249113008,0.009126892568016942,0.010827866604134808,0.0,0.8429077399726813,0.8429077399726813
2024-08-09,BULL,1.0,0.9879017314513562,0.010875806563759177,0.0012224619848845931,0.003199904237191366,0.6131031429836211,16.600000381469727,0.1110525560158426,0.626724620460773,0.0,0.0007874351840916179,0.0007887865074283932,0.0,0.9982868325915197,0.9982868325915197
2024-08-16,BULL,1.0,0.9821059968559565,0.015914536469475597,0.0019794666745679116,0.006582774531652178,0.5781319167773351,15.4399995803833,0.05488475220120969,0.21100873362112793,0.0,0.06052517783073335,0.06052517783073336,0.0,0.9999999999999999,0.9999999999999999
2024-08-23,BULL,0.8365570904476382,0.9822280545098461,0.015592943228974749,0.002179002261179207,0.13102072561321573,0.6538291279327136,13.0,0.031135529600451316,-0.035176774381616524,0.6344290955236185,0.02335369107070621,0.03081205980129175,0.0,0.7579399501790901,0.7579399501790901
2024-08-30,BULL,1.0,0.9843628862384316,0.013749584492035663,0.001887529269532647,0.004465602884083718,0.6458610004426738,13.789999961853027,-0.005792190322061998,-0.2528867328757345,0.0,0.055425574461811365,0.05542557446181138,0.0,0.9999999999999999,0.9999999999999999
2024-09-06,BULL,1.0,0.9925198808378268,0.006840103019539905,0.0006400161426332327,0.005294674630689116,0.646746347941567,14.210000038146973,0.10396955161297707,0.49287911326191924,0.0,-0.006875761396288248,-0.006875761396288249,0.0,0.9999999999999999,0.9999999999999999
2024-09-13,BULL,0.891776379658186,0.9942374648410603,0.005320589139712085,0.0004419460192275679,0.018461049720716396,0.629924745462594,13.180000305175781,0.08488705739396504,0.33548109585685476,0.0822362034181394,-0.022674887767174,-0.022674887767174,0.0,1.0000000000000002,1.0000000000000002
2024-09-20,BULL,1.0,0.9882359793447751,0.010575841545247763,0.0011881791099771358,0.14373818723054357,0.6086764054891545,12.470000267028809,0.0780061393558831,0.26517537477982894,0.692235394020874,0.019045050135798377,0.023591551462390038,0.0,0.8072826480344139,0.8072826480344139
2024-09-27,BULL,1.0,0.9932443240552329,0.00621333023773719,0.0005423457070300463,0.029535461944479167,0.6193005754758742,12.0,0.06624420078741887,0.1701640631964411,0.12911051247206884,-0.008190042212490622,-0.008190042212490622,0.0,1.0,1.0
2024-10-04,BULL,1.0,0.98986411788957,0.00924302127503555,0.000892860835394461,0.003726841363713173,0.5891987605135015,13.170000076293945,0.07216532387999522,0.25004055776230855,0.0,-0.015499302502796141,-0.015499302502796141,0.0,1.0,1.0
2024-10-11,BULL,1.0,0.9881221287452208,0.010741284380953314,0.0011365868738259415,0.0033867867406781765,0.5723771580345286,13.5,0.09367256435835994,0.41433233136503017,0.0,-0.010835167325111254,-0.010835167325111255,0.0,1.0,1.0
2024-10-18,BULL,0.9,0.9841692992418974,0.014196057432838739,0.0016346433252638901,0.005271842093168789,0.5586542718016821,13.390000343322754,0.08317317166989589,0.33969439490068964,0.0,-0.03606740551970872,-0.036067405519708724,0.0,0.9999999999999999,0.9999999999999999
2024-10-25,BULL,0.8651935245877557,0.9656590916318407,0.02971988358716263,0.004621024780996663,0.08573493087884534,0.44532979194333777,13.970000267028809,0.05156413709933967,0.14948192132708643,0.3480647541224432,0.03845159359204189,0.038451593592041894,0.0,1.0,1.0
2024-11-01,BULL,1.0,0.9737448916393087,0.02301982561567367,0.003235282745017687,0.009536688224502385,0.4763169544046038,15.550000190734863,0.03352143811816247,0.08020215431346686,0.0,0.0015824425216785399,0.00158244252167854,0.0,1.0,1.0
2024-11-08,BULL,1.0,0.9792643616057956,0.018360766138949648,0.0023748722552548213,0.007105863614810947,0.5095174856131032,14.9399995803833,0.04574252945581733,0.13984413905892015,0.0,-0.04524674010063448,-0.04524674010063448,0.0,1.0,1.0
2024-11-22,CHOP,1.0,0.0023171359331868842,0.02142114562432615,0.9762617184424871,0.4448373350508139,0.34440017706949977,15.989999771118164,0.046590753961056636,0.18313389016047976,0.0,0.015008466920741686,0.024440058212625747,-0.012912512500985423,1.0,0.49499640256635835
2024-11-29,BULL,1.0,0.9730853985002438,0.02339800352726858,0.003516597972487636,0.49690612018941493,0.43293492695883135,15.210000038146973,0.004683333290413014,-0.12583394776026144,0.26542288041733175,0.05276187065400002,0.05276187065400002,0.0,1.0,1.0
2024-12-06,BULL,0.8814301662312332,0.9889579281039347,0.010003134904862338,0.0010389369912030047,0.04669850763664821,0.5126162018592297,14.529999732971191,0.06299917691446205,0.23972186460508116,0.1856983376876682,0.009992744909014993,0.009992744909014993,0.0,1.0,1.0
2024-12-13,BULL,1.0,0.9930075039037539,0.006443218628319829,0.0005492774679261671,0.00333066382275314,0.5338645418326693,13.1899995803833,0.10540649109359329,0.47186515485032454,0.0,0.001840524182188809,0.001840524182188809,0.0,0.9999999999999999,0.9999999999999999
2024-12-20,BULL,1.0,0.9685175000093318,0.026095865506943986,0.005386634483724342,0.15559437878583396,0.4909251881363435,14.510000228881836,-0.03751756768613995,-0.4269481443906612,0.6860002506923273,-0.03261972538891871,-0.03736476635314545,0.0,0.8730076104483044,0.8730076104483044
2024-12-27,CHOP,0.9,0.0044441587375573036,0.03246546868969942,0.9630903725727433,0.4421037608052613,0.42895086321381143,14.039999961853027,0.0502673059391798,0.14599825272491138,0.0,0.015407297669572185,0.027736916433417098,-0.027100785389596187,1.0,0.5503232865725003
2025-01-03,BULL,1.0,0.9803685328847748,0.017430418807339258,0.002201048307885812,0.4435324714508701,0.45683930942895085,13.739999771118164,0.035402667588934865,0.036139731646446537,0.0,-0.04181270369432996,-0.04181270369432996,0.0,1.0,1.0
2025-01-10,CHOP,0.8093649267187732,0.0008680104415106089,0.015551467393433292,0.983580522165056,0.6263484074534709,0.3758300132802125,14.65999984741211,0.002535104763119845,-0.15115781006381734,0.9063507328122672,-0.029143034930773384,-0.04711883530652749,0.0,0.6185007490356226,0.6185007490356226
2025-01-17,CHOP,1.0,0.004146392894844679,0.025954576522660713,0.9698990305824945,0.0130061436746227,0.3138556883576804,15.470000267028809,0.11899744682071167,0.6419951654273792,0.0,0.03736943092622936,0.04311246435718521,0.01796271305314065,1.0,0.5432930241316348
2025-01-24,CHOP,0.9,0.0033642810662697065,0.023889823428218722,0.9727458955055116,0.007404766327509294,0.28596724214254093,16.700000762939453,0.09124266755664782,0.4954660458960412,0.0,-0.01923325590343794,-0.02768132671395395,0.008980106747714588,1.0,0.5391303605545642
2025-01-31,BEAR,0.8441101902678814,0.0012615305203286327,0.014247174572534436,0.9844912949071369,0.12041909631760701,0.21912350597609562,17.389999389648438,0.09124823563497302,0.51539485810299,0.5588980973211863,0.02145206809955746,0.03303729717416898,-0.021131045238413883,1.0,0.5722509289145106
2025-02-07,CHOP,1.0,0.0038223008442621613,0.027243248261542747,0.968934450894195,0.01397814979583726,0.25852146967684814,14.180000305175781,0.0725997244756003,0.27866904717844115,0.0,-0.040292707346930356,-0.06579821920158443,0.03994612682956544,0.9999999999999999,0.5176004616428242
2025-02-14,BEAR,0.8192252361636916,0.0007610789328410405,0.013150024651253723,0.9860888964159052,0.1722034646607735,0.1637892872952634,14.960000038146973,0.028631934234011905,0.01657690337360443,0.8077476383630838,-0.02802229159209108,-0.035772916473665574,0.0,0.7833381886187512,0.7833381886187512
2025-02-21,BEAR,1.0,0.0015261036461111386,0.016325899185991363,0.9821479971678975,0.00564902595724623,0.1341301460823373,14.680000305175781,0.03245613649949682,0.03016733802563688,0.0,-0.012200487550835255,-0.03056675317256932,0.049370991185614194,1.0000000000000002,0.540485767538327
2025-02-28,BEAR,0.9,0.0017636991310002108,0.014929118797253324,0.9833071820717466,0.004319854586782868,0.10402833111996458,13.3100004196167,0.09423667533989658,0.3950237745424127,0.0,0.006644744124661047,0.03834060923681328,-0.03476039671816185,0.7505140412399287,0.14503888619510352
2025-03-07,BEAR,0.8478322034018294,0.0006053088972333734,0.01011941566075414,0.9892752754420124,0.109287241904005,0.10978308986277113,13.729999542236328,0.028615478186159483,-0.023017191700960837,0.5216779659817057,0.022344438435407534,0.035915858745854644,-0.02261497093885715,1.0,0.5362642086725122
2025-03-21,BEAR,0.9,0.00433091805784109,0.02558821021933249,0.9700808717228263,0.01548749094063671,0.1301460823373174,12.600000381469727,0.0740354558622811,0.23772943746914688,0.0,-0.004483344863678347,0.0025254574146644057,-0.027506267079486335,1.0,0.5332401054952505
2025-03-28,BEAR,1.0,0.0065652284866891415,0.029612233549383592,0.9638225379639273,0.011364788296056982,0.1385568835768039,13.300000190734863,0.128359598810176,0.6320564090033854,0.0,-0.000966443965679201,-0.010123517857331059,0.029744762514544196,1.0,0.5406336161861829
2025-04-04,BEAR,0.8962974394346347,0.003709212384432939,0.025819323269409687,0.9704714643461575,0.017044687610389197,0.16024789729969013,13.600000381469727,0.042062121205385244,0.05858980228055,0.037025605653652684,-0.03916081652660178,-0.050000954058020776,-0.0035473934866950088,1.0,0.533291424894123
2025-04-11,BEAR,1.0,0.0010808478379582397,0.013660016255656075,0.9852591359063857,0.05433757090890769,0.1102257636122178,21.43000030517578,0.017448414115203828,0.16414223400625208,0.2225938816024523,0.018975720450707615,0.05022859511559434,-0.0908645682348354,1.0,0.5569895248961892
2025-04-25,CHOP,0.8825647368462682,0.9751642885861306,0.020309883330498872,0.004525828083370604,0.4820728227272683,0.21336874723328905,16.25,0.014667006510511282,-0.033463889361529324,0.17435263153731734,-0.01622564014288705,-0.033959375122892634,0.04471876828214277,1.0,0.5492080973819566
2025-05-02,CHOP,1.0,0.9812981589856284,0.015408517154677627,0.0032933238596939895,0.007159274654587138,0.16290393979637008,18.219999313354492,0.0774641732303441,0.4472249724991366,0.0,-0.010780305826545556,-0.032494802294775825,0.05984741169900693,0.9999999999999999,0.5296951301234284
2025-05-09,CHOP,1.0,0.9783130067813337,0.017475718507200734,0.004211274711465599,0.006522972077959018,0.1509517485613103,21.010000228881836,0.04674532159784168,0.3467797942705623,0.0,0.052038067150592046,0.08657998460934566,-0.06834025633088137,1.0,0.5540683741631803
2025-05-16,CHOP,1.0,0.9846613427477062,0.013131195541336335,0.002207461710957255,0.006365974977517881,0.24612660469234174,16.889999389648438,0.06359175565821015,0.3233091918109656,0.0,0.0017886651837288364,-0.002990034665677119,0.018350213110084217,1.0,0.5521420463698933
2025-05-23,CHOP,1.0,0.969464037978214,0.025266555079204566,0.005269406942581466,0.08234689173299846,0.2779991146525011,17.260000228881836,0.030176762375342576,0.1138886569811457,0.34173515396926707,-0.002038102638378326,-0.0025528115912968195,-3.611458108810817e-05,1.0,0.590964704268625
2025-05-30,CHOP,1.0,0.9782031925331807,0.018768473122911803,0.003028334343907549,0.008897647911880385,0.32182381584772024,16.420000076293945,0.02970280954869435,0.0857918690580231,0.0,-0.0018303027563540309,0.018555970537590467,-0.07297340319407675,0.9999999999999999,0.5545414010214891
2025-06-06,CHOP,1.0,0.9811721719736533,0.016468129727350657,0.0023596982989961593,0.005573546013281239,0.34085878707392653,15.079999923706055,0.05341971857937919,0.19440084151674097,0.0,-0.020498541859628152,-0.014434292310476049,-0.04625060014744054,1.0,0.6187961481748927
2025-06-13,CHOP,1.0,0.9518219065821963,0.03871196295456888,0.009466130463234674,0.13664131164984872,0.37627268702965916,14.020000457763672,-0.03950624323562729,-0.467666098602157,0.5595242372374274,-0.008992519518318512,-0.019138822335805626,0.03951201759960059,1.0,0.6540099739863396
2025-06-20,CHOP,0.803535347095147,0.9419518969676931,0.04479726859186071,0.013250834440446176,0.211630597630783,0.29880478087649404,14.260000228881836,-0.011536665058823222,-0.27195987433203905,0.9646465290485297,0.05874148868203275,0.06407411007653512,0.0,0.9167741637280227,0.9167741637280227
2025-06-27,CHOP,1.0,0.9850453031559513,0.013398883770448107,0.0015558130736006929,0.022694134768246034,0.39176626826029215,12.59000015258789,0.060001198609903404,0.14839284368604322,0.0,0.004199341349378431,0.005315521124753615,-8.216779877837724e-05,0.9999999999999999,0.5864230817344664
2025-07-04,BULL,1.0,0.9860624827673733,0.012610221149984824,0.001327296082641853,0.0035106934881936327,0.42319610447100486,12.390000343322754,0.07135749308561457,0.22209802133862994,0.0,0.001123852941938257,0.001123852941938257,0.0,1.0,1.0
2025-07-11,BULL,1.0,0.9871366865379174,0.011696754244993076,0.001166559217089352,0.003289366232579261,0.4404603806994245,11.670000076293945,0.08734403374088393,0.3046977966785857,0.0,0.012930100694485832,0.012930100694485828,0.0,1.0,1.0
2025-07-18,BULL,1.0,0.9835525916934834,0.014754461359644583,0.0016929469468718854,0.045180823133269224,0.48871181938911024,11.239999771118164,0.041203786557650834,-0.015431824702038547,0.19969954701298115,-0.011049252400633942,-0.01104925240063394,0.0,1.0000000000000002,1.0000000000000002
2025-07-25,BULL,0.8136986832644841,0.9642683266902343,0.030301732773647012,0.005429940536118486,0.18951287549167073,0.46569278441788403,10.720000267028809,0.008739807088656792,-0.2495493508131652,0.8630131673551591,-0.01898368399865141,-0.022031426732733467,0.0,0.8616638508683672,0.8616638508683672
2025-08-01,CHOP,1.0,0.9785997576248997,0.018938083859207266,0.002462158515893049,0.011221624098798046,0.399734395750332,11.539999961853027,0.08246820407986333,0.2678625936566333,0.0,-0.002605338312245799,0.0002577385192897009,-0.012663568602054108,0.9999999999999999,0.5568440863376457
2025-08-08,CHOP,1.0,0.97050805256471,0.025338399685591952,0.004153547749698199,0.01037036631408306,0.34971226206285966,11.6899995803833,0.041349864011077604,-0.004552618201794721,0.0,0.02865463390649795,0.039198017238610945,-0.009108882857478372,1.0,0.5634833404279431
2025-08-22,CHOP,1.0,0.9762034629075508,0.02079442057442519,0.0030021165180241015,0.03575423852219541,0.3886675520141656,11.369999885559082,0.042523382612702824,-0.0034035881122813517,0.13915786572911187,-0.004944411764869927,-0.014878898985735026,0.0307566554746559,1.0,0.5646163462531099
2025-08-29,CHOP,0.8496328543474476,0.9625896740029831,0.0310580643652293,0.006352261631787545,0.11561301383792096,0.3253652058432935,12.180000305175781,0.03648939123210439,-0.021364844581344827,0.5036714565255231,0.008369198783478027,0.011827740034063635,-0.003230472254714591,0.9999999999999999,0.5406438447991596
2025-09-05,CHOP,1.0,0.9881416471672966,0.01065532095407028,0.001203031878633101,0.01411066486620837,0.3767153607791058,10.850000381469727,0.13409234620146543,0.5832138376147692,0.0,0.014892097712069436,0.018372754257799395,0.00342006002537405,1.0,0.5344442290297015
2025-09-12,BULL,1.0,0.990400144296028,0.008738256423666569,0.0008615992803055153,0.003108614704784609,0.4081451969898185,10.359999656677246,0.1459066760337556,0.6370768482704467,0.0,0.01319707291826146,0.01319707291826146,0.0,0.9999999999999999,0.9999999999999999
2025-09-19,BULL,1.0,0.9856471980124396,0.012917363855849644,0.0014354381317107632,0.0933824419764064,0.4630367419212041,9.890000343322754,0.05430865550418775,0.011354509032561216,0.440429840624687,-0.039437855076387585,-0.03943785507638758,0.0,1.0,1.0
2025-09-26,BULL,1.0,0.9874661982938686,0.011329144885230005,0.001204656820901311,0.0035662418320496127,0.41478530323151835,10.779999732971191,0.09485150859819311,0.3148788234574328,0.0,-0.018231218046154858,-0.018231218046154858,0.0,0.9999999999999999,0.9999999999999999
2025-10-03,CHOP,0.9,0.9903284578639681,0.008826792527871424,0.0008447496081605163,0.0033912751553832232,0.398406374501992,10.289999961853027,0.12941397381970235,0.5288957634362247,0.0,0.001518949474925807,0.0059845671882226,-0.013842485722075961,1.0,0.5495429670259
2025-10-10,BULL,0.8941124721433259,0.9887201697132528,0.010271625521803596,0.0010082047649435197,0.01495639239150818,0.416555998229305,10.119999885559082,0.08464822693074112,0.2286807066442899,0.05887527856674095,-0.0011056250292252954,-0.0011056250292252956,0.0,0.9999999999999999,0.9999999999999999
2025-10-17,BULL,1.0,0.9893312507339831,0.0097243671007003,0.000944382165316579,0.0025976127455953064,0.41301460823373176,10.869999885559082,0.08542149368228953,0.25090246740737965,0.0,-0.0005611386722141457,-0.0005611386722141457,0.0,1.0,1.0
2025-10-24,BULL,1.0,0.9886350981941389,0.010320643524024876,0.0010442582818360258,0.006032236017456892,0.4364763169544046,11.729999542236328,0.03745883397686043,-0.034824691316939306,0.016185676784937958,0.030810323401454846,0.03081032340145485,0.0,0.9999999999999999,0.9999999999999999
2025-10-31,BULL,1.0,0.990827860929025,0.008395558135597348,0.000776580935377564,0.002976487231969244,0.45285524568393093,12.069999694824219,0.059432365975881835,0.12505154880154157,0.0,0.0010365865338733489,0.0010365865338733489,0.0,1.0,1.0
2025-11-07,CHOP,1.0,0.9880969649673192,0.010762061040863835,0.001140973991816762,0.003837704987667075,0.3944223107569721,12.40999984741211,0.09177520614100126,0.35595276113717655,0.0,0.0019775303152651208,0.0096344676121648,-0.0233735966197681,1.0,0.536056568292051
2025-11-14,CHOP,1.0,0.9885396712478561,0.010355348911169793,0.0011049798409739128,0.0027122795448651553,0.39176626826029215,12.15999984741211,0.06558639906337187,0.17575032908807023,0.0,0.0016807517750004586,-0.0009729892631192544,0.010719169205132448,1.0,0.5460648185148109
2025-11-21,CHOP,1.0,0.9728262681349881,0.02304468334648248,0.004129048518529322,0.08441843786237996,0.37096060203629927,12.140000343322754,-0.003434582428468315,-0.2793847700715985,0.3554342519244053,-0.013085962861915417,-0.025737123656777047,0.02874224455615596,0.9999999999999999,0.5355613983842661
2025-11-28,CHOP,0.8697193177136822,0.974792734673213,0.02177536677567834,0.0034318985511085755,0.0671741072904161,0.34882691456396636,11.789999961853027,0.03981721092166,-0.012114175986747914,0.3028068228631789,-0.0036243681888621913,-0.006574687502933925,0.007028975236831528,1.0,0.5662463307844984
2025-12-05,CHOP,0.86759163899176,0.9851050894202691,0.013081012616466927,0.0018138979632639867,0.07279904336125438,0.315626383355467,10.819999694824219,0.10282931392117549,0.37610358061614846,0.3240836100824009,0.006772868622963236,-0.00978040084397071,0.06509594615226152,1.0,0.5578505060411961
2025-12-12,CHOP,1.0,0.9758492076316799,0.020611042315031632,0.0035397500532882717,0.013219408455095364,0.2868525896414343,10.399999618530273,0.03614892701731309,-0.07906420293249647,0.017580765829542995,-0.0023602835886571715,-0.010764790573635361,0.02680704091396595,0.9999999999999999,0.5526165932181574
2025-12-19,CHOP,1.0,0.9768872665727923,0.01987678726694911,0.0032359461602584462,0.005736862440993797,0.27667109340416113,9.710000038146973,0.0686610961608754,0.10977128233773095,0.0,0.008853012746777186,0.017151571946690793,-0.018562792913719702,1.0,0.5352817146630772
2025-12-26,CHOP,0.9,0.9835857598041299,0.014463926718538096,0.001950313477331924,0.00668723268874229,0.31119964586100046,9.1899995803833,0.09906134209727221,0.29664078673587857,0.0,0.005999469957088252,0.006109021043613847,0.005628408561841412,1.0,0.5441188455131952
2026-01-02,CHOP,0.9,0.978957055246314,0.018007777287168337,0.0030351674665176583,0.0068985394950578805,0.3058875608676406,,0.08196656153824106,0.5462820989024137,0.0,0.0024722446476322813,-0.00915743765766679,0.04057611381208267,1.0,0.532320457252169
2026-01-09,CHOP,1.0,0.98411655708976,0.013841850408669715,0.0020415925015702745,0.005906782911912755,0.27047366091190794,10.600000381469727,0.09385082761214845,0.30802341515740894,0.0,-0.00042284070661385126,-0.005724276877491794,0.016041937346179754,1.0,0.5128747593495208
2026-01-16,CHOP,1.0,0.9811515543427489,0.016182563354540856,0.002665882302710257,0.005637116828147257,0.24391323594510844,11.319999694824219,0.10372429780179199,0.3949865190780867,0.0,0.00025730990736687543,-0.015648287569042282,0.05058437624895474,1.0,0.5197053369281148
2026-01-23,CHOP,0.9,0.9702209139519229,0.024228222885499164,0.005550863162577913,0.011984778018002703,0.1845949535192563,13.350000381469727,0.1125519871256739,0.5217815388274889,0.0,-0.0035825318046466483,-0.006677769106539412,0.006680207963253634,0.9999999999999999,0.5365709514665729
2026-01-30,CHOP,0.9,0.9727339788589956,0.022417205544359917,0.00484881559664431,0.007553846555712489,0.18592297476759628,13.369999885559082,0.06132551441672597,0.16608266670846314,0.0,-0.002554888828818755,0.016325178897618368,-0.0681875677266867,0.9999999999999999,0.5532018901156528
2026-02-06,CHOP,1.0,0.9534926233754681,0.036012901182950426,0.01049447544158133,0.13939767043789,0.2266489597166888,12.170000076293945,0.002245819857701184,-0.2573325661565413,0.5966934502854,0.005121482405217093,0.00794408824393908,-0.004810369673181886,1.0,0.557393053148412
2026-02-13,CHOP,1.0,0.982776204117679,0.014837447612346863,0.0023863482699742083,0.017099640164453884,0.2580787959274015,11.729999542236328,0.05200442968986063,0.058425965367925624,0.0,-0.0025260552370037458,-0.016965244449780464,0.045258843198931274,1.0,0.5358971177112739
2026-02-20,CHOP,1.0,0.9817537573122951,0.015423653089491774,0.0028225895982132306,0.00467386751960639,0.2204515272244356,13.460000038146973,0.038307191575927955,0.036438450979433726,0.0,-0.008828816719825758,-0.005156206986520478,-0.021214183837465806,1.0000000000000002,0.5425812644524926
2026-02-27,CHOP,1.0,0.9863539165236841,0.01176830508982082,0.001877778386495053,0.005174844017687275,0.22487826471890218,13.0600004196167,0.11080350081861552,0.510312741331417,0.0,-0.020717283859591058,-0.042761675843298416,0.0533766529709455,1.0,0.5414026381444391
2026-03-06,BEAR,1.0,0.000789462157717441,0.010611044250865278,0.9885994935914172,0.446462765555475,0.17042939353696326,17.860000610351562,0.020472572440098542,0.06207170749633953,0.0,-0.031933488168166414,-0.03406973207938567,-0.025108844667328527,1.0,0.5232070635448719
2026-03-13,BEAR,0.8494893034369164,0.0002028265205034411,0.005192324597958555,0.9946048488815381,0.10484339853451446,0.15980522355024346,21.520000457763672,-0.05733295694645331,-0.3311948598050902,0.5051069656308351,0.0054738146204728645,-0.0003396112300584929,0.025064780885753233,1.0,0.5423290725454459
2026-03-20,BEAR,1.0,0.0004709028349180432,0.007084197217978385,0.9924448999471036,0.03148429425730638,0.1323594510845507,22.799999237060547,0.015818694202030817,0.20676637313172488,0.14453558329623992,-0.012236243849775123,-0.011840461060617077,-0.013496629899951394,1.0,0.5220501922773502
2026-03-27,BEAR,1.0,0.0007966361833224246,0.008257112456065637,0.990946251360612,0.002644468828463311,0.14032757857459052,24.639999389648438,0.05472546193369806,0.5359261816002309,0.0,0.027012708889228184,0.04494636492911247,-0.025819262316306327,1.0,0.4931534775297208
2026-04-10,BEAR,0.9,0.00196492997267999,0.016948020434989802,0.9810870495923302,0.008612216871796752,0.19256308100929614,20.43000030517578,0.05140319730712309,0.36521425243401323,0.0,0.004103470076040434,0.01658250143491665,-0.03974406630470676,1.0000000000000002,0.556904251060988
2026-04-17,CHOP,0.8977486727987785,0.004332656691988433,0.02868247193523918,0.9669848713727724,0.01831819166508724,0.27976980965028775,18.09000015258789,0.07650275540554266,0.450253629229328,0.02251327201221519,0.020163421166865245,0.03218746551672576,-0.0190900354016725,1.0,0.5310206568375756
2026-04-24,CHOP,0.8977486727987785,0.004618118786256846,0.029942048296452996,0.9654398329172903,0.013033578881203333,0.32049579459938027,18.59000015258789,0.0750566953892082,0.450253629229328,0.02251327201221519,0.024861454895520378,0.05110331552600728,-0.06073359967788537,0.9999999999999999,0.5307120089525948
2026-05-08,CHOP,0.8977486727987785,0.010043897287784785,0.0469725001862927,0.9429836025259225,0.028020017030930964,0.4267374944665781,16.6200008392334,0.0843274108161586,0.450253629229328,0.02251327201221519,0.005454018203839983,-0.0025748509216312588,0.03362628525457883,1.0,0.5564299923410975
2026-05-15,CHOP,0.8977486727987785,0.003467859703948456,0.024833086484349915,0.9716990538117016,0.02377836865949301,0.3523683045595396,18.610000610351562,0.07434254389006607,0.450253629229328,0.02251327201221519,0.004824938941497477,0.005973193397807593,0.0005531605746448606,1.0000000000000002,0.5762924344653395
2026-05-22,CHOP,0.8977486727987785,0.0035755117401700515,0.025495288426380307,0.9709291998334497,0.011378351074000474,0.351925630810093,17.81999969482422,0.07798201680800884,0.450253629229328,0.02251327201221519,-0.0008563960042619346,0.013554450151231311,-0.049705187382485236,1.0,0.5443904923479064
